Date,Humidity
2009-01-01,51.125
2009-01-02,62.875
2009-01-03,70.0
2009-01-04,84.375
2009-01-05,46.75
2009-01-06,61.0
2009-01-07,83.25
2009-01-08,88.375
2009-01-09,91.375
2009-01-10,92.25
2009-01-11,92.375
2009-01-12,94.25
2009-01-13,95.0
2009-01-14,95.125
2009-01-15,98.75
2009-01-16,96.125
2009-01-17,90.5
2009-01-18,92.5
2009-01-19,93.0
2009-01-20,90.875
2009-01-21,92.0
2009-01-22,93.25
2009-01-23,89.0
2009-01-24,93.75
2009-01-25,88.625
2009-01-26,81.25
2009-01-27,87.625
2009-01-28,92.25
2009-01-29,91.625
2009-01-30,91.0
2009-01-31,87.125
2009-02-01,85.875
2009-02-02,80.75
2009-02-03,82.75
2009-02-04,91.125
2009-02-05,88.0
2009-02-06,92.875
2009-02-07,95.375
2009-02-08,89.125
2009-02-09,88.0
2009-02-10,86.125
2009-02-11,95.75
2009-02-12,81.75
2009-02-13,76.125
2009-02-14,81.25
2009-02-15,81.25
2009-02-16,66.25
2009-02-17,66.625
2009-02-18,92.625
2009-02-19,72.125
2009-02-20,69.75
2009-02-21,89.75
2009-02-22,89.625
2009-02-23,82.625
2009-02-24,84.25
2009-02-25,85.5
2009-02-26,97.375
2009-02-27,85.0
2009-02-28,72.0
2009-03-01,72.25
2009-03-02,70.625
2009-03-03,69.25
2009-03-04,46.25
2009-03-05,91.875
2009-03-06,88.0
2009-03-07,90.25
2009-03-08,94.0
2009-03-09,89.125
2009-03-10,96.25
2009-03-11,62.5
2009-03-12,60.5
2009-03-13,51.75
2009-03-14,57.5
2009-03-15,71.0
2009-03-16,82.375
2009-03-17,79.125
2009-03-18,80.25
2009-03-19,72.75
2009-03-20,63.75
2009-03-21,75.875
2009-03-22,77.25
2009-03-23,78.625
2009-03-24,80.375
2009-03-25,81.0
2009-03-26,81.75
2009-03-27,80.375
2009-03-28,81.625
2009-03-29,92.875
2009-03-30,79.875
2009-03-31,87.25
2009-04-01,77.25
2009-04-02,82.875
2009-04-03,83.625
2009-04-04,76.0
2009-04-05,85.625
2009-04-06,90.25
2009-04-07,78.625
2009-04-08,73.25
2009-04-09,71.25
2009-04-10,75.5
2009-04-11,70.5
2009-04-12,72.625
2009-04-13,84.25
2009-04-14,88.375
2009-04-15,76.125
2009-04-16,67.25
2009-04-17,70.25
2009-04-18,81.25
2009-04-19,96.5
2009-04-20,90.125
2009-04-21,91.0
2009-04-22,78.25
2009-04-23,75.0
2009-04-24,82.625
2009-04-25,88.625
2009-04-26,90.875
2009-04-27,87.625
2009-04-28,85.625
2009-04-29,90.125
2009-04-30,98.75
2009-05-01,93.75
2009-05-02,75.75
2009-05-03,68.0
2009-05-04,69.125
2009-05-05,77.25
2009-05-06,85.25
2009-05-07,85.25
2009-05-08,95.0
2009-05-09,90.125
2009-05-10,78.75
2009-05-11,74.875
2009-05-12,67.75
2009-05-13,90.875
2009-05-14,78.75
2009-05-15,89.25
2009-05-16,83.0
2009-05-17,65.375
2009-05-18,65.25
2009-05-19,72.625
2009-05-20,71.0
2009-05-21,72.625
2009-05-22,86.625
2009-05-23,86.0
2009-05-24,81.875
2009-05-25,83.375
2009-05-26,89.25
2009-05-27,96.375
2009-05-28,90.125
2009-05-29,86.25
2009-05-30,75.25
2009-05-31,71.5
2009-06-01,84.875
2009-06-02,83.875
2009-06-03,71.5
2009-06-04,75.625
2009-06-05,76.25
2009-06-06,87.625
2009-06-07,88.625
2009-06-08,95.625
2009-06-09,89.375
2009-06-10,81.875
2009-06-11,94.5
2009-06-12,85.625
2009-06-13,85.0
2009-06-14,84.25
2009-06-15,75.625
2009-06-16,87.375
2009-06-17,92.875
2009-06-18,86.875
2009-06-19,93.25
2009-06-20,84.375
2009-06-21,82.875
2009-06-22,87.875
2009-06-23,85.25
2009-06-24,80.375
2009-06-25,86.0
2009-06-26,83.875
2009-06-27,72.5
2009-06-28,73.125
2009-06-29,74.125
2009-06-30,84.125
2009-07-01,87.875
2009-07-02,84.0
2009-07-03,82.875
2009-07-04,88.5
2009-07-05,82.25
2009-07-06,76.375
2009-07-07,74.5
2009-07-08,82.875
2009-07-09,80.5
2009-07-10,82.625
2009-07-11,82.0
2009-07-12,70.375
2009-07-13,68.25
2009-07-14,60.0
2009-07-15,69.125
2009-07-16,76.125
2009-07-17,77.375
2009-07-18,84.25
2009-07-19,81.625
2009-07-20,76.75
2009-07-21,79.25
2009-07-22,82.375
2009-07-23,84.375
2009-07-24,76.75
2009-07-25,76.875
2009-07-26,82.25
2009-07-27,79.5
2009-07-28,79.375
2009-07-29,71.125
2009-07-30,74.375
2009-07-31,77.375
2009-08-01,77.75
2009-08-02,68.375
2009-08-03,65.5
2009-08-04,82.0
2009-08-05,68.25
2009-08-06,67.125
2009-08-07,78.875
2009-08-08,79.625
2009-08-09,70.625
2009-08-10,83.875
2009-08-11,86.5
2009-08-12,75.875
2009-08-13,68.5
2009-08-14,69.75
2009-08-15,70.5
2009-08-16,80.25
2009-08-17,91.25
2009-08-18,80.0
2009-08-19,77.625
2009-08-20,81.25
2009-08-21,82.875
2009-08-22,77.125
2009-08-23,77.375
2009-08-24,77.5
2009-08-25,74.5
2009-08-26,89.75
2009-08-27,88.125
2009-08-28,91.5
2009-08-29,81.625
2009-08-30,75.25
2009-08-31,64.875
2009-09-01,66.625
2009-09-02,72.5
2009-09-03,77.5
2009-09-04,78.25
2009-09-05,80.0
2009-09-06,80.75
2009-09-07,79.5
2009-09-08,86.875
2009-09-09,87.875
2009-09-10,79.875
2009-09-11,75.0
2009-09-12,80.5
2009-09-13,76.25
2009-09-14,72.625
2009-09-15,74.75
2009-09-16,71.0
2009-09-17,70.875
2009-09-18,73.25
2009-09-19,72.875
2009-09-20,72.75
2009-09-21,85.375
2009-09-22,88.25
2009-09-23,90.25
2009-09-24,86.5
2009-09-25,77.125
2009-09-26,84.25
2009-09-27,80.0
2009-09-28,70.625
2009-09-29,75.875
2009-09-30,73.0
2009-10-01,75.125
2009-10-02,84.125
2009-10-03,85.625
2009-10-04,78.375
2009-10-05,75.25
2009-10-06,79.375
2009-10-07,68.0
2009-10-08,81.0
2009-10-09,88.5
2009-10-10,73.875
2009-10-11,56.75
2009-10-12,71.125
2009-10-13,76.625
2009-10-14,84.875
2009-10-15,87.75
2009-10-16,74.0
2009-10-17,68.5
2009-10-18,72.625
2009-10-19,75.125
2009-10-20,83.625
2009-10-21,82.0
2009-10-22,87.5
2009-10-23,92.125
2009-10-24,83.625
2009-10-25,85.875
2009-10-26,87.0
2009-10-27,90.125
2009-10-28,88.875
2009-10-29,89.0
2009-10-30,91.375
2009-10-31,75.75
2009-11-01,75.5
2009-11-02,81.375
2009-11-03,66.375
2009-11-04,77.0
2009-11-05,75.375
2009-11-06,67.0
2009-11-07,85.375
2009-11-08,87.625
2009-11-09,82.875
2009-11-10,71.75
2009-11-11,66.75
2009-11-12,69.0
2009-11-13,70.25
2009-11-14,87.625
2009-11-15,77.875
2009-11-16,77.25
2009-11-17,74.875
2009-11-18,88.375
2009-11-19,88.875
2009-11-20,86.25
2009-11-21,84.125
2009-11-22,85.125
2009-11-23,90.375
2009-11-24,91.75
2009-11-25,90.625
2009-11-26,89.875
2009-11-27,75.125
2009-11-28,84.75
2009-11-29,90.125
2009-11-30,79.0
2009-12-01,80.0
2009-12-02,82.25
2009-12-03,78.625
2009-12-04,65.375
2009-12-05,56.75
2009-12-06,59.875
2009-12-07,67.125
2009-12-08,83.875
2009-12-09,92.875
2009-12-10,94.75
2009-12-11,87.625
2009-12-12,74.75
2009-12-13,91.125
2009-12-14,94.125
2009-12-15,85.625
2009-12-16,62.625
2009-12-17,56.875
2009-12-18,77.125
2009-12-19,90.0
2009-12-20,88.0
2009-12-21,87.875
2009-12-22,91.125
2009-12-23,92.125
2009-12-24,92.75
2009-12-25,90.125
2009-12-26,86.125
2009-12-27,87.125
2009-12-28,90.0
2009-12-29,86.875
2009-12-30,88.875
2009-12-31,92.375
2010-01-01,93.875
2010-01-02,94.625
2010-01-03,94.75
2010-01-04,93.875
2010-01-05,92.75
2010-01-06,91.875
2010-01-07,93.625
2010-01-08,90.125
2010-01-09,94.25
2010-01-10,93.0
2010-01-11,90.5
2010-01-12,90.0
2010-01-13,89.625
2010-01-14,96.125
2010-01-15,90.125
2010-01-16,79.75
2010-01-17,72.875
2010-01-18,87.75
2010-01-19,88.75
2010-01-20,88.0
2010-01-21,88.0
2010-01-22,92.75
2010-01-23,96.125
2010-01-24,94.0
2010-01-25,85.25
2010-01-26,83.875
2010-01-27,84.375
2010-01-28,81.5
2010-01-29,81.625
2010-01-30,74.875
2010-01-31,80.625
2010-02-01,79.25
2010-02-02,90.625
2010-02-03,84.5
2010-02-04,83.125
2010-02-05,83.75
2010-02-06,82.5
2010-02-07,78.625
2010-02-08,81.0
2010-02-09,90.0
2010-02-10,86.75
2010-02-11,91.25
2010-02-12,88.5
2010-02-13,90.5
2010-02-14,86.75
2010-02-15,89.625
2010-02-16,89.0
2010-02-17,90.5
2010-02-18,94.25
2010-02-19,87.625
2010-02-20,92.0
2010-02-21,96.25
2010-02-22,93.625
2010-02-23,89.0
2010-02-24,91.375
2010-02-25,88.0
2010-02-26,90.25
2010-02-27,90.75
2010-02-28,92.125
2010-03-01,90.625
2010-03-02,88.375
2010-03-03,85.875
2010-03-04,85.125
2010-03-05,83.5
2010-03-06,81.125
2010-03-07,86.25
2010-03-08,91.5
2010-03-09,94.125
2010-03-10,92.375
2010-03-11,96.625
2010-03-12,95.625
2010-03-13,95.375
2010-03-14,90.375
2010-03-15,90.5
2010-03-16,77.125
2010-03-17,58.875
2010-03-18,79.125
2010-03-19,84.25
2010-03-20,89.25
2010-03-21,87.875
2010-03-22,73.125
2010-03-23,68.875
2010-03-24,66.875
2010-03-25,76.5
2010-03-26,55.375
2010-03-27,68.875
2010-03-28,82.25
2010-03-29,79.625
2010-03-30,78.75
2010-03-31,82.75
2010-04-01,82.375
2010-04-02,72.625
2010-04-03,80.875
2010-04-04,79.5
2010-04-05,79.0
2010-04-06,94.375
2010-04-07,96.375
2010-04-08,88.625
2010-04-09,74.125
2010-04-10,75.25
2010-04-11,74.5
2010-04-12,70.25
2010-04-13,79.5
2010-04-14,79.625
2010-04-15,69.5
2010-04-16,78.5
2010-04-17,60.125
2010-04-18,70.625
2010-04-19,76.75
2010-04-20,73.5
2010-04-21,74.5
2010-04-22,77.375
2010-04-23,81.75
2010-04-24,97.25
2010-04-25,95.875
2010-04-26,72.375
2010-04-27,66.5
2010-04-28,64.625
2010-04-29,76.75
2010-04-30,87.5
2010-05-01,88.0
2010-05-02,89.5
2010-05-03,81.5
2010-05-04,72.875
2010-05-05,68.125
2010-05-06,74.75
2010-05-07,90.125
2010-05-08,80.125
2010-05-09,71.625
2010-05-10,62.0
2010-05-11,94.625
2010-05-12,93.375
2010-05-13,92.125
2010-05-14,77.625
2010-05-15,79.375
2010-05-16,77.625
2010-05-17,87.5
2010-05-18,80.875
2010-05-19,72.5
2010-05-20,82.25
2010-05-21,94.75
2010-05-22,92.875
2010-05-23,89.0
2010-05-24,91.0
2010-05-25,85.75
2010-05-26,82.625
2010-05-27,78.125
2010-05-28,72.875
2010-05-29,83.75
2010-05-30,77.25
2010-05-31,94.375
2010-06-01,87.625
2010-06-02,81.5
2010-06-03,79.375
2010-06-04,76.75
2010-06-05,95.75
2010-06-06,84.625
2010-06-07,77.875
2010-06-08,85.875
2010-06-09,81.25
2010-06-10,80.375
2010-06-11,81.5
2010-06-12,92.875
2010-06-13,88.875
2010-06-14,93.25
2010-06-15,94.0
2010-06-16,85.125
2010-06-17,82.75
2010-06-18,80.5
2010-06-19,78.125
2010-06-20,83.375
2010-06-21,81.875
2010-06-22,85.875
2010-06-23,87.5
2010-06-24,83.75
2010-06-25,77.375
2010-06-26,79.0
2010-06-27,88.75
2010-06-28,78.625
2010-06-29,71.25
2010-06-30,65.125
2010-07-01,65.625
2010-07-02,69.0
2010-07-03,68.625
2010-07-04,79.25
2010-07-05,76.375
2010-07-06,78.875
2010-07-07,83.5
2010-07-08,87.75
2010-07-09,81.125
2010-07-10,75.375
2010-07-11,77.125
2010-07-12,83.375
2010-07-13,84.25
2010-07-14,79.5
2010-07-15,80.5
2010-07-16,71.125
2010-07-17,75.75
2010-07-18,81.5
2010-07-19,83.75
2010-07-20,87.75
2010-07-21,81.25
2010-07-22,84.0
2010-07-23,74.375
2010-07-24,85.0
2010-07-25,77.375
2010-07-26,74.625
2010-07-27,75.75
2010-07-28,87.125
2010-07-29,71.75
2010-07-30,68.875
2010-07-31,73.875
2010-08-01,76.125
2010-08-02,79.75
2010-08-03,87.625
2010-08-04,91.5
2010-08-05,76.5
2010-08-06,68.0
2010-08-07,76.25
2010-08-08,71.625
2010-08-09,82.125
2010-08-10,81.125
2010-08-11,80.875
2010-08-12,81.0
2010-08-13,78.25
2010-08-14,83.5
2010-08-15,74.0
2010-08-16,64.25
2010-08-17,72.5
2010-08-18,74.375
2010-08-19,73.125
2010-08-20,69.75
2010-08-21,86.125
2010-08-22,83.25
2010-08-23,80.875
2010-08-24,79.375
2010-08-25,63.125
2010-08-26,68.125
2010-08-27,68.75
2010-08-28,58.125
2010-08-29,69.625
2010-08-30,72.375
2010-08-31,77.75
2010-09-01,86.0
2010-09-02,88.5
2010-09-03,75.0
2010-09-04,67.5
2010-09-05,65.875
2010-09-06,54.25
2010-09-07,58.0
2010-09-08,65.125
2010-09-09,70.875
2010-09-10,69.75
2010-09-11,81.125
2010-09-12,67.75
2010-09-13,72.75
2010-09-14,68.5
2010-09-15,66.625
2010-09-16,85.25
2010-09-17,76.75
2010-09-18,85.875
2010-09-19,71.625
2010-09-20,81.125
2010-09-21,77.625
2010-09-22,88.25
2010-09-23,69.625
2010-09-24,70.75
2010-09-25,71.375
2010-09-26,73.125
2010-09-27,75.625
2010-09-28,71.0
2010-09-29,69.625
2010-09-30,77.625
2010-10-01,69.25
2010-10-02,77.5
2010-10-03,65.625
2010-10-04,63.0
2010-10-05,62.5
2010-10-06,66.625
2010-10-07,68.5
2010-10-08,59.5
2010-10-09,65.875
2010-10-10,61.25
2010-10-11,69.5
2010-10-12,85.125
2010-10-13,76.625
2010-10-14,57.375
2010-10-15,74.375
2010-10-16,68.375
2010-10-17,58.875
2010-10-18,69.875
2010-10-19,60.5
2010-10-20,57.875
2010-10-21,61.625
2010-10-22,55.75
2010-10-23,63.625
2010-10-24,69.625
2010-10-25,85.875
2010-10-26,79.25
2010-10-27,59.875
2010-10-28,77.25
2010-10-29,68.25
2010-10-30,66.875
2010-10-31,69.375
2010-11-01,66.625
2010-11-02,63.25
2010-11-03,72.625
2010-11-04,80.5
2010-11-05,70.375
2010-11-06,63.625
2010-11-07,63.25
2010-11-08,71.125
2010-11-09,73.625
2010-11-10,79.125
2010-11-11,82.125
2010-11-12,85.75
2010-11-13,76.5
2010-11-14,72.375
2010-11-15,77.625
2010-11-16,65.625
2010-11-17,81.375
2010-11-18,70.375
2010-11-19,75.625
2010-11-20,78.625
2010-11-21,90.125
2010-11-22,93.125
2010-11-23,66.875
2010-11-24,79.875
2010-11-25,86.25
2010-11-26,59.625
2010-11-27,67.0
2010-11-28,66.375
2010-11-29,86.125
2010-11-30,86.5
2010-12-01,71.25
2010-12-02,76.5
2010-12-03,72.0
2010-12-04,85.75
2010-12-05,89.375
2010-12-06,93.875
2010-12-07,91.75
2010-12-08,90.25
2010-12-09,88.625
2010-12-10,95.375
2010-12-11,96.5
2010-12-12,92.875
2010-12-13,90.25
2010-12-14,88.25
2010-12-15,76.125
2010-12-16,78.875
2010-12-17,88.625
2010-12-18,93.375
2010-12-19,93.625
2010-12-20,88.125
2010-12-21,94.625
2010-12-22,90.125
2010-12-23,88.25
2010-12-24,89.375
2010-12-25,87.375
2010-12-26,86.5
2010-12-27,93.875
2010-12-28,96.75
2010-12-29,95.625
2010-12-30,97.75
2010-12-31,99.0
2011-01-01,72.875
2011-01-02,70.25
2011-01-03,60.375
2011-01-04,71.0
2011-01-05,61.625
2011-01-06,74.125
2011-01-07,68.75
2011-01-08,86.125
2011-01-09,87.125
2011-01-10,80.875
2011-01-11,89.875
2011-01-12,89.25
2011-01-13,89.875
2011-01-14,91.125
2011-01-15,89.0
2011-01-16,86.0
2011-01-17,93.75
2011-01-18,91.125
2011-01-19,85.75
2011-01-20,84.875
2011-01-21,90.125
2011-01-22,91.375
2011-01-23,85.375
2011-01-24,93.25
2011-01-25,92.125
2011-01-26,90.5
2011-01-27,92.75
2011-01-28,88.0
2011-01-29,89.375
2011-01-30,84.375
2011-01-31,87.5
2011-02-01,92.375
2011-02-02,92.625
2011-02-03,92.625
2011-02-04,88.875
2011-02-05,90.625
2011-02-06,93.125
2011-02-07,89.0
2011-02-08,95.0
2011-02-09,97.375
2011-02-10,96.75
2011-02-11,95.25
2011-02-12,93.0
2011-02-13,97.875
2011-02-14,95.25
2011-02-15,90.5
2011-02-16,99.125
2011-02-17,100.0
2011-02-18,84.125
2011-02-19,73.5
2011-02-20,91.25
2011-02-21,92.0
2011-02-22,86.75
2011-02-23,89.5
2011-02-24,90.625
2011-02-25,87.75
2011-02-26,93.875
2011-02-27,81.75
2011-02-28,86.75
2011-03-01,80.0
2011-03-02,77.75
2011-03-03,76.25
2011-03-04,73.875
2011-03-05,81.25
2011-03-06,83.875
2011-03-07,80.625
2011-03-08,88.0
2011-03-09,97.25
2011-03-10,89.625
2011-03-11,82.875
2011-03-12,85.75
2011-03-13,81.625
2011-03-14,79.125
2011-03-15,84.625
2011-03-16,81.5
2011-03-17,96.5
2011-03-18,87.375
2011-03-19,80.75
2011-03-20,89.25
2011-03-21,93.75
2011-03-22,94.625
2011-03-23,94.5
2011-03-24,75.125
2011-03-25,65.625
2011-03-26,63.875
2011-03-27,61.75
2011-03-28,63.875
2011-03-29,57.25
2011-03-30,69.625
2011-03-31,65.25
2011-04-01,73.125
2011-04-02,86.875
2011-04-03,88.25
2011-04-04,90.75
2011-04-05,79.875
2011-04-06,93.25
2011-04-07,87.625
2011-04-08,94.5
2011-04-09,97.0
2011-04-10,96.25
2011-04-11,89.125
2011-04-12,77.75
2011-04-13,65.375
2011-04-14,83.875
2011-04-15,89.0
2011-04-16,94.625
2011-04-17,80.0
2011-04-18,90.0
2011-04-19,95.5
2011-04-20,89.875
2011-04-21,85.75
2011-04-22,95.5
2011-04-23,86.125
2011-04-24,90.625
2011-04-25,88.75
2011-04-26,94.25
2011-04-27,91.5
2011-04-28,86.25
2011-04-29,80.75
2011-04-30,85.125
2011-05-01,82.875
2011-05-02,72.875
2011-05-03,77.125
2011-05-04,75.625
2011-05-05,83.0
2011-05-06,82.75
2011-05-07,86.375
2011-05-08,85.875
2011-05-09,83.125
2011-05-10,93.375
2011-05-11,95.625
2011-05-12,90.625
2011-05-13,94.375
2011-05-14,96.5
2011-05-15,91.75
2011-05-16,77.0
2011-05-17,79.125
2011-05-18,94.875
2011-05-19,96.25
2011-05-20,93.625
2011-05-21,92.25
2011-05-22,91.625
2011-05-23,87.125
2011-05-24,88.125
2011-05-25,96.625
2011-05-26,90.125
2011-05-27,86.375
2011-05-28,93.125
2011-05-29,96.375
2011-05-30,89.375
2011-05-31,87.75
2011-06-01,76.375
2011-06-02,81.625
2011-06-03,86.875
2011-06-04,94.0
2011-06-05,81.125
2011-06-06,81.5
2011-06-07,92.625
2011-06-08,84.125
2011-06-09,89.5
2011-06-10,94.125
2011-06-11,96.0
2011-06-12,89.375
2011-06-13,76.125
2011-06-14,77.125
2011-06-15,94.0
2011-06-16,89.875
2011-06-17,88.125
2011-06-18,94.25
2011-06-19,93.25
2011-06-20,97.375
2011-06-21,94.5
2011-06-22,90.75
2011-06-23,93.25
2011-06-24,91.5
2011-06-25,83.5
2011-06-26,80.375
2011-06-27,82.125
2011-06-28,83.375
2011-06-29,82.25
2011-06-30,82.75
2011-07-01,87.875
2011-07-02,92.375
2011-07-03,81.75
2011-07-04,70.25
2011-07-05,75.75
2011-07-06,80.125
2011-07-07,80.625
2011-07-08,80.0
2011-07-09,78.75
2011-07-10,84.75
2011-07-11,91.5
2011-07-12,85.5
2011-07-13,83.5
2011-07-14,81.5
2011-07-15,81.75
2011-07-16,79.625
2011-07-17,85.5
2011-07-18,90.125
2011-07-19,92.5
2011-07-20,86.0
2011-07-21,85.375
2011-07-22,86.625
2011-07-23,93.125
2011-07-24,91.25
2011-07-25,89.0
2011-07-26,81.125
2011-07-27,83.0
2011-07-28,89.75
2011-07-29,88.0
2011-07-30,74.25
2011-07-31,83.625
2011-08-01,87.625
2011-08-02,87.75
2011-08-03,89.75
2011-08-04,86.25
2011-08-05,87.875
2011-08-06,90.625
2011-08-07,87.125
2011-08-08,87.5
2011-08-09,84.25
2011-08-10,72.625
2011-08-11,67.25
2011-08-12,75.875
2011-08-13,86.125
2011-08-14,80.375
2011-08-15,69.75
2011-08-16,71.25
2011-08-17,80.875
2011-08-18,84.75
2011-08-19,80.875
2011-08-20,86.25
2011-08-21,76.875
2011-08-22,76.75
2011-08-23,83.75
2011-08-24,87.875
2011-08-25,77.75
2011-08-26,76.75
2011-08-27,84.25
2011-08-28,69.625
2011-08-29,70.625
2011-08-30,70.875
2011-08-31,82.125
2011-09-01,89.625
2011-09-02,78.0
2011-09-03,86.875
2011-09-04,81.0
2011-09-05,76.625
2011-09-06,71.625
2011-09-07,67.625
2011-09-08,68.75
2011-09-09,85.125
2011-09-10,82.375
2011-09-11,81.375
2011-09-12,80.5
2011-09-13,80.875
2011-09-14,75.25
2011-09-15,61.625
2011-09-16,64.125
2011-09-17,69.25
2011-09-18,86.0
2011-09-19,89.625
2011-09-20,81.0
2011-09-21,79.0
2011-09-22,78.625
2011-09-23,76.0
2011-09-24,74.5
2011-09-25,86.375
2011-09-26,83.75
2011-09-27,85.375
2011-09-28,85.875
2011-09-29,85.875
2011-09-30,74.75
2011-10-01,73.5
2011-10-02,67.25
2011-10-03,78.125
2011-10-04,72.0
2011-10-05,68.5
2011-10-06,71.75
2011-10-07,73.375
2011-10-08,74.0
2011-10-09,73.25
2011-10-10,72.25
2011-10-11,70.375
2011-10-12,72.875
2011-10-13,89.375
2011-10-14,75.375
2011-10-15,68.75
2011-10-16,67.375
2011-10-17,61.625
2011-10-18,74.75
2011-10-19,85.125
2011-10-20,85.75
2011-10-21,75.125
2011-10-22,69.5
2011-10-23,76.625
2011-10-24,73.0
2011-10-25,68.0
2011-10-26,87.0
2011-10-27,74.5
2011-10-28,71.125
2011-10-29,70.0
2011-10-30,71.875
2011-10-31,76.375
2011-11-01,72.0
2011-11-02,72.375
2011-11-03,81.75
2011-11-04,70.5
2011-11-05,72.0
2011-11-06,76.25
2011-11-07,91.25
2011-11-08,95.125
2011-11-09,89.0
2011-11-10,78.25
2011-11-11,72.375
2011-11-12,81.125
2011-11-13,81.875
2011-11-14,79.75
2011-11-15,77.875
2011-11-16,55.625
2011-11-17,49.25
2011-11-18,53.875
2011-11-19,77.875
2011-11-20,82.75
2011-11-21,79.125
2011-11-22,86.75
2011-11-23,82.0
2011-11-24,83.75
2011-11-25,80.75
2011-11-26,90.625
2011-11-27,87.0
2011-11-28,80.125
2011-11-29,77.0
2011-11-30,59.0
2011-12-01,61.375
2011-12-02,81.875
2011-12-03,88.0
2011-12-04,84.625
2011-12-05,81.75
2011-12-06,73.75
2011-12-07,62.125
2011-12-08,64.75
2011-12-09,55.875
2011-12-10,70.375
2011-12-11,74.75
2011-12-12,68.875
2011-12-13,78.125
2011-12-14,95.875
2011-12-15,81.375
2011-12-16,64.875
2011-12-17,71.125
2011-12-18,77.0
2011-12-19,88.375
2011-12-20,82.25
2011-12-21,90.0
2011-12-22,88.625
2011-12-23,65.375
2011-12-24,64.625
2011-12-25,76.25
2011-12-26,76.75
2011-12-27,84.125
2011-12-28,61.875
2011-12-29,85.5
2011-12-30,93.25
2011-12-31,80.75
2012-01-01,80.0
2012-01-02,66.5
2012-01-03,59.0
2012-01-04,60.5
2012-01-05,74.75
2012-01-06,84.875
2012-01-07,79.875
2012-01-08,76.875
2012-01-09,85.5
2012-01-10,81.375
2012-01-11,80.875
2012-01-12,91.625
2012-01-13,88.25
2012-01-14,84.375
2012-01-15,81.375
2012-01-16,93.75
2012-01-17,90.875
2012-01-18,71.25
2012-01-19,79.875
2012-01-20,87.75
2012-01-21,82.75
2012-01-22,92.375
2012-01-23,91.625
2012-01-24,86.5
2012-01-25,80.375
2012-01-26,92.0
2012-01-27,77.375
2012-01-28,73.625
2012-01-29,80.0
2012-01-30,83.125
2012-01-31,93.125
2012-02-01,85.0
2012-02-02,84.75
2012-02-03,81.0
2012-02-04,79.125
2012-02-05,84.125
2012-02-06,75.125
2012-02-07,78.0
2012-02-08,67.25
2012-02-09,59.125
2012-02-10,80.375
2012-02-11,76.875
2012-02-12,68.625
2012-02-13,60.75
2012-02-14,86.375
2012-02-15,91.5
2012-02-16,84.875
2012-02-17,75.375
2012-02-18,75.25
2012-02-19,66.25
2012-02-20,63.875
2012-02-21,87.0
2012-02-22,87.125
2012-02-23,88.375
2012-02-24,90.5
2012-02-25,83.375
2012-02-26,66.375
2012-02-27,76.25
2012-02-28,76.875
2012-03-01,81.75
2012-03-02,88.625
2012-03-03,73.625
2012-03-04,83.375
2012-03-05,69.75
2012-03-06,71.375
2012-03-07,79.25
2012-03-08,75.75
2012-03-09,58.625
2012-03-10,58.0
2012-03-11,70.875
2012-03-12,87.5
2012-03-13,72.375
2012-03-14,83.625
2012-03-15,92.375
2012-03-16,86.25
2012-03-17,82.5
2012-03-18,86.5
2012-03-19,86.75
2012-03-20,70.5
2012-03-21,71.375
2012-03-22,78.25
2012-03-23,92.375
2012-03-24,94.375
2012-03-25,89.625
2012-03-26,68.625
2012-03-27,67.375
2012-03-28,75.375
2012-03-29,76.5
2012-03-30,89.25
2012-03-31,79.75
2012-04-01,90.375
2012-04-02,79.625
2012-04-03,89.625
2012-04-04,74.75
2012-04-05,77.125
2012-04-06,71.75
2012-04-07,67.75
2012-04-08,67.125
2012-04-09,66.75
2012-04-10,59.5
2012-04-11,68.0
2012-04-12,66.625
2012-04-13,66.25
2012-04-14,88.875
2012-04-15,94.375
2012-04-16,80.75
2012-04-17,79.0
2012-04-18,76.25
2012-04-19,84.375
2012-04-20,85.5
2012-04-21,74.125
2012-04-22,67.875
2012-04-23,67.875
2012-04-24,65.875
2012-04-25,85.375
2012-04-26,84.125
2012-04-27,62.375
2012-04-28,78.625
2012-04-29,81.25
2012-04-30,94.875
2012-05-01,93.5
2012-05-02,88.625
2012-05-03,88.25
2012-05-04,93.125
2012-05-05,94.875
2012-05-06,90.25
2012-05-07,96.875
2012-05-08,80.125
2012-05-09,87.625
2012-05-10,72.375
2012-05-11,58.0
2012-05-12,84.125
2012-05-13,63.5
2012-05-14,56.375
2012-05-15,65.625
2012-05-16,72.5
2012-05-17,68.5
2012-05-18,70.25
2012-05-19,71.25
2012-05-20,79.75
2012-05-21,82.125
2012-05-22,75.375
2012-05-23,77.125
2012-05-24,80.125
2012-05-25,80.0
2012-05-26,86.5
2012-05-27,85.375
2012-05-28,79.875
2012-05-29,78.375
2012-05-30,82.875
2012-05-31,87.75
2012-06-01,82.625
2012-06-02,80.375
2012-06-03,78.875
2012-06-04,82.5
2012-06-05,83.625
2012-06-06,78.375
2012-06-07,70.5
2012-06-08,69.0
2012-06-09,73.5
2012-06-10,76.875
2012-06-11,87.75
2012-06-12,80.875
2012-06-13,72.25
2012-06-14,77.5
2012-06-15,76.75
2012-06-16,80.5
2012-06-17,82.25
2012-06-18,84.75
2012-06-19,82.5
2012-06-20,83.0
2012-06-21,84.125
2012-06-22,79.125
2012-06-23,77.625
2012-06-24,78.375
2012-06-25,74.125
2012-06-26,81.25
2012-06-27,79.75
2012-06-28,91.375
2012-06-29,87.0
2012-06-30,83.5
2012-07-01,85.75
2012-07-02,85.5
2012-07-03,84.875
2012-07-04,82.875
2012-07-05,87.375
2012-07-06,87.5
2012-07-07,87.875
2012-07-08,81.375
2012-07-09,77.875
2012-07-10,81.375
2012-07-11,76.625
2012-07-12,73.75
2012-07-13,77.625
2012-07-14,86.625
2012-07-15,85.5
2012-07-16,83.375
2012-07-17,82.625
2012-07-18,89.25
2012-07-19,91.25
2012-07-20,81.125
2012-07-21,81.0
2012-07-22,89.0
2012-07-23,89.75
2012-07-24,86.125
2012-07-25,86.625
2012-07-26,85.625
2012-07-27,83.875
2012-07-28,77.0
2012-07-29,79.125
2012-07-30,80.375
2012-07-31,87.25
2012-08-01,80.0
2012-08-02,85.0
2012-08-03,83.5
2012-08-04,89.125
2012-08-05,81.375
2012-08-06,80.5
2012-08-07,79.0
2012-08-08,81.5
2012-08-09,84.75
2012-08-10,78.375
2012-08-11,78.875
2012-08-12,78.375
2012-08-13,87.375
2012-08-14,82.5
2012-08-15,82.625
2012-08-16,88.0
2012-08-17,77.125
2012-08-18,71.5
2012-08-19,72.0
2012-08-20,72.875
2012-08-21,68.5
2012-08-22,77.25
2012-08-23,81.875
2012-08-24,81.125
2012-08-25,80.25
2012-08-26,91.25
2012-08-27,86.375
2012-08-28,77.875
2012-08-29,79.625
2012-08-30,84.375
2012-08-31,88.625
2012-09-01,89.375
2012-09-02,92.5
2012-09-03,89.0
2012-09-04,90.375
2012-09-05,86.125
2012-09-06,77.125
2012-09-07,79.625
2012-09-08,69.75
2012-09-09,73.125
2012-09-10,66.25
2012-09-11,72.0
2012-09-12,72.5
2012-09-13,82.5
2012-09-14,65.5
2012-09-15,61.875
2012-09-16,64.0
2012-09-17,79.875
2012-09-18,66.25
2012-09-19,57.375
2012-09-20,63.125
2012-09-21,68.375
2012-09-22,78.0
2012-09-23,60.375
2012-09-24,54.75
2012-09-25,83.0
2012-09-26,81.875
2012-09-27,71.75
2012-09-28,76.125
2012-09-29,67.25
2012-09-30,72.625
2012-10-01,70.25
2012-10-02,71.25
2012-10-03,86.875
2012-10-04,77.125
2012-10-05,67.375
2012-10-06,61.75
2012-10-07,55.5
2012-10-08,56.75
2012-10-09,68.0
2012-10-10,68.0
2012-10-11,62.375
2012-10-12,62.0
2012-10-13,81.75
2012-10-14,88.5
2012-10-15,77.375
2012-10-16,82.0
2012-10-17,83.75
2012-10-18,74.0
2012-10-19,84.625
2012-10-20,79.75
2012-10-21,79.75
2012-10-22,94.625
2012-10-23,93.75
2012-10-24,91.5
2012-10-25,86.0
2012-10-26,68.625
2012-10-27,70.75
2012-10-28,68.5
2012-10-29,69.25
2012-10-30,70.25
2012-10-31,72.75
2012-11-01,68.5
2012-11-02,72.375
2012-11-03,72.125
2012-11-04,73.875
2012-11-05,72.625
2012-11-06,76.375
2012-11-07,81.375
2012-11-08,79.875
2012-11-09,83.25
2012-11-10,85.625
2012-11-11,76.0
2012-11-12,67.375
2012-11-13,57.0
2012-11-14,63.625
2012-11-15,68.125
2012-11-16,61.375
2012-11-17,65.875
2012-11-18,79.875
2012-11-19,79.375
2012-11-20,88.25
2012-11-21,83.25
2012-11-22,83.75
2012-11-23,67.875
2012-11-24,61.5
2012-11-25,61.25
2012-11-26,68.125
2012-11-27,54.125
2012-11-28,64.5
2012-11-29,81.0
2012-11-30,87.125
2012-12-01,91.5
2012-12-02,92.625
2012-12-03,94.25
2012-12-04,74.25
2012-12-05,70.25
2012-12-06,76.625
2012-12-07,88.125
2012-12-08,83.125
2012-12-09,87.5
2012-12-10,79.5
2012-12-11,67.75
2012-12-12,67.0
2012-12-13,73.75
2012-12-14,85.875
2012-12-15,89.5
2012-12-16,86.5
2012-12-17,81.5
2012-12-18,84.0
2012-12-19,86.75
2012-12-20,90.875
2012-12-21,87.5
2012-12-22,82.625
2012-12-23,84.0
2012-12-24,83.125
2012-12-25,80.75
2012-12-26,77.625
2012-12-27,82.5
2012-12-28,81.25
2012-12-29,89.875
2012-12-30,93.125
2012-12-31,86.0
2013-01-01,82.125
2013-01-02,64.25
2013-01-03,82.0
2013-01-04,78.75
2013-01-05,87.5
2013-01-06,87.5
2013-01-07,72.875
2013-01-08,87.75
2013-01-09,80.25
2013-01-10,79.25
2013-01-11,93.5
2013-01-12,82.125
2013-01-13,85.625
2013-01-14,77.75
2013-01-15,56.5
2013-01-16,57.125
2013-01-17,67.5
2013-01-18,64.125
2013-01-19,87.75
2013-01-20,51.5
2013-01-21,58.375
2013-01-22,64.625
2013-01-23,64.125
2013-01-24,68.375
2013-01-25,72.625
2013-01-26,79.0
2013-01-27,89.375
2013-01-28,97.375
2013-01-29,98.125
2013-01-30,89.75
2013-01-31,70.375
2013-02-01,94.25
2013-02-02,89.625
2013-02-03,88.125
2013-02-04,90.0
2013-02-05,86.375
2013-02-06,86.75
2013-02-07,94.25
2013-02-08,85.625
2013-02-09,78.25
2013-02-10,90.875
2013-02-11,79.375
2013-02-12,78.625
2013-02-13,75.875
2013-02-14,85.5
2013-02-15,70.25
2013-02-16,63.875
2013-02-17,50.125
2013-02-18,80.625
2013-02-19,78.0
2013-02-20,83.5
2013-02-21,80.125
2013-02-22,92.375
2013-02-23,87.25
2013-02-24,86.0
2013-02-25,86.5
2013-02-26,88.5
2013-02-27,94.75
2013-02-28,88.125
2013-03-01,82.25
2013-03-02,79.75
2013-03-03,72.5
2013-03-04,69.0
2013-03-05,88.0
2013-03-06,88.5
2013-03-07,90.125
2013-03-08,89.375
2013-03-09,95.5
2013-03-10,96.75
2013-03-11,93.125
2013-03-12,81.5
2013-03-13,72.125
2013-03-14,73.625
2013-03-15,88.125
2013-03-16,84.25
2013-03-17,72.0
2013-03-18,82.875
2013-03-19,74.5
2013-03-20,69.125
2013-03-21,68.625
2013-03-22,66.125
2013-03-23,69.5
2013-03-24,82.0
2013-03-25,82.5
2013-03-26,85.25
2013-03-27,85.875
2013-03-28,76.625
2013-03-29,71.125
2013-03-30,71.75
2013-03-31,82.5
2013-04-01,64.375
2013-04-02,58.25
2013-04-03,59.375
2013-04-04,63.25
2013-04-05,79.125
2013-04-06,74.5
2013-04-07,84.875
2013-04-08,86.875
2013-04-09,92.0
2013-04-10,94.875
2013-04-11,97.125
2013-04-12,84.75
2013-04-13,78.0
2013-04-14,80.0
2013-04-15,88.5
2013-04-16,81.5
2013-04-17,89.625
2013-04-18,97.625
2013-04-19,78.25
2013-04-20,67.0
2013-04-21,63.75
2013-04-22,81.25
2013-04-23,94.875
2013-04-24,81.875
2013-04-25,76.75
2013-04-26,77.0
2013-04-27,81.5
2013-04-28,92.5
2013-04-29,87.75
2013-04-30,88.625
2013-05-01,81.875
2013-05-02,90.625
2013-05-03,95.125
2013-05-04,87.375
2013-05-05,82.75
2013-05-06,73.625
2013-05-07,70.5
2013-05-08,79.0
2013-05-09,87.5
2013-05-10,92.625
2013-05-11,80.75
2013-05-12,69.625
2013-05-13,70.5
2013-05-14,83.125
2013-05-15,83.25
2013-05-16,71.375
2013-05-17,79.75
2013-05-18,90.375
2013-05-19,87.625
2013-05-20,88.25
2013-05-21,88.875
2013-05-22,92.875
2013-05-23,85.875
2013-05-24,73.5
2013-05-25,68.75
2013-05-26,79.875
2013-05-27,96.375
2013-05-28,97.0
2013-05-29,93.875
2013-05-30,91.0
2013-05-31,93.875
2013-06-01,92.0
2013-06-02,92.125
2013-06-03,78.375
2013-06-04,75.375
2013-06-05,82.0
2013-06-06,90.0
2013-06-07,82.625
2013-06-08,69.25
2013-06-09,82.875
2013-06-10,94.25
2013-06-11,90.125
2013-06-12,94.125
2013-06-13,87.25
2013-06-14,85.75
2013-06-15,94.25
2013-06-16,87.75
2013-06-17,78.0
2013-06-18,88.0
2013-06-19,78.75
2013-06-20,81.0
2013-06-21,86.25
2013-06-22,94.25
2013-06-23,89.75
2013-06-24,92.125
2013-06-25,96.0
2013-06-26,93.0
2013-06-27,85.625
2013-06-28,86.75
2013-06-29,93.0
2013-06-30,85.0
2013-07-01,79.25
2013-07-02,85.75
2013-07-03,92.5
2013-07-04,83.125
2013-07-05,83.625
2013-07-06,86.75
2013-07-07,85.375
2013-07-08,88.25
2013-07-09,93.0
2013-07-10,87.25
2013-07-11,76.75
2013-07-12,76.0
2013-07-13,79.375
2013-07-14,85.0
2013-07-15,88.375
2013-07-16,88.0
2013-07-17,86.0
2013-07-18,86.625
2013-07-19,84.5
2013-07-20,84.625
2013-07-21,83.125
2013-07-22,86.25
2013-07-23,85.125
2013-07-24,71.625
2013-07-25,71.625
2013-07-26,82.625
2013-07-27,82.25
2013-07-28,77.125
2013-07-29,81.875
2013-07-30,87.125
2013-07-31,91.875
2013-08-01,79.0
2013-08-02,85.5
2013-08-03,81.5
2013-08-04,77.5
2013-08-05,79.625
2013-08-06,92.25
2013-08-07,89.875
2013-08-08,78.625
2013-08-09,75.875
2013-08-10,76.0
2013-08-11,76.5
2013-08-12,85.875
2013-08-13,76.25
2013-08-14,73.0
2013-08-15,80.625
2013-08-16,72.75
2013-08-17,74.375
2013-08-18,78.625
2013-08-19,80.375
2013-08-20,79.625
2013-08-21,78.75
2013-08-22,92.0
2013-08-23,76.625
2013-08-24,72.375
2013-08-25,76.25
2013-08-26,79.25
2013-08-27,77.875
2013-08-28,86.375
2013-08-29,84.125
2013-08-30,82.25
2013-08-31,92.0
2013-09-01,85.75
2013-09-02,84.25
2013-09-03,75.75
2013-09-04,74.375
2013-09-05,72.75
2013-09-06,70.75
2013-09-07,74.0
2013-09-08,87.0
2013-09-09,85.125
2013-09-10,64.875
2013-09-11,76.75
2013-09-12,80.375
2013-09-13,73.25
2013-09-14,62.625
2013-09-15,79.25
2013-09-16,78.125
2013-09-17,74.125
2013-09-18,79.125
2013-09-19,90.375
2013-09-20,86.5
2013-09-21,74.375
2013-09-22,77.75
2013-09-23,77.75
2013-09-24,78.25
2013-09-25,76.25
2013-09-26,75.75
2013-09-27,70.5
2013-09-28,74.25
2013-09-29,74.375
2013-09-30,69.5
2013-10-01,86.75
2013-10-02,67.625
2013-10-03,87.125
2013-10-04,91.625
2013-10-05,91.0
2013-10-06,72.75
2013-10-07,74.625
2013-10-08,74.875
2013-10-09,70.625
2013-10-10,74.0
2013-10-11,69.125
2013-10-12,77.375
2013-10-13,62.125
2013-10-14,70.375
2013-10-15,86.5
2013-10-16,79.75
2013-10-17,83.75
2013-10-18,73.25
2013-10-19,64.25
2013-10-20,72.5
2013-10-21,75.5
2013-10-22,68.375
2013-10-23,69.125
2013-10-24,68.375
2013-10-25,65.375
2013-10-26,68.75
2013-10-27,66.25
2013-10-28,78.0
2013-10-29,75.375
2013-10-30,88.0
2013-10-31,94.875
2013-11-01,83.625
2013-11-02,81.625
2013-11-03,76.0
2013-11-04,74.75
2013-11-05,87.0
2013-11-06,86.75
2013-11-07,73.125
2013-11-08,70.375
2013-11-09,74.875
2013-11-10,73.875
2013-11-11,79.75
2013-11-12,77.125
2013-11-13,67.0
2013-11-14,65.5
2013-11-15,81.375
2013-11-16,91.25
2013-11-17,87.5
2013-11-18,73.875
2013-11-19,67.375
2013-11-20,70.375
2013-11-21,92.125
2013-11-22,82.125
2013-11-23,66.125
2013-11-24,47.5
2013-11-25,50.875
2013-11-26,84.0
2013-11-27,74.75
2013-11-28,66.5
2013-11-29,73.0
2013-11-30,83.875
2013-12-01,85.0
2013-12-02,80.0
2013-12-03,95.0
2013-12-04,96.0
2013-12-05,64.625
2013-12-06,50.0
2013-12-07,61.5
2013-12-08,75.125
2013-12-09,86.375
2013-12-10,81.125
2013-12-11,87.0
2013-12-12,86.625
2013-12-13,89.125
2013-12-14,91.875
2013-12-15,84.625
2013-12-16,85.5
2013-12-17,88.25
2013-12-18,82.625
2013-12-19,96.625
2013-12-20,95.125
2013-12-21,92.25
2013-12-22,91.125
2013-12-23,88.5
2013-12-24,87.875
2013-12-25,80.375
2013-12-26,87.75
2013-12-27,93.625
2013-12-28,90.375
2013-12-29,86.125
2013-12-30,79.125
2013-12-31,92.5
2014-01-01,91.625
2014-01-02,84.375
2014-01-03,77.5
2014-01-04,88.625
2014-01-05,93.125
2014-01-06,90.0
2014-01-07,89.875
2014-01-08,89.875
2014-01-09,89.625
2014-01-10,96.0
2014-01-11,90.125
2014-01-12,88.5
2014-01-13,92.25
2014-01-14,85.5
2014-01-15,82.375
2014-01-16,84.375
2014-01-17,86.25
2014-01-18,91.25
2014-01-19,89.0
2014-01-20,90.25
2014-01-21,82.125
2014-01-22,81.625
2014-01-23,91.375
2014-01-24,85.625
2014-01-25,84.875
2014-01-26,86.25
2014-01-27,89.875
2014-01-28,83.875
2014-01-29,75.25
2014-01-30,76.625
2014-01-31,85.0
2014-02-01,94.0
2014-02-02,84.625
2014-02-03,80.125
2014-02-04,75.125
2014-02-05,87.625
2014-02-06,85.375
2014-02-07,82.125
2014-02-08,87.25
2014-02-09,87.5
2014-02-10,91.125
2014-02-11,86.0
2014-02-12,85.75
2014-02-13,85.0
2014-02-14,88.125
2014-02-15,89.0
2014-02-16,87.125
2014-02-17,89.75
2014-02-18,91.125
2014-02-19,90.125
2014-02-20,93.625
2014-02-21,78.5
2014-02-22,75.5
2014-02-23,80.375
2014-02-24,85.375
2014-02-25,85.375
2014-02-26,87.5
2014-02-27,75.375
2014-02-28,80.625
2014-03-01,85.625
2014-03-02,87.875
2014-03-03,83.25
2014-03-04,81.875
2014-03-05,86.625
2014-03-06,87.25
2014-03-07,95.5
2014-03-08,89.75
2014-03-09,91.5
2014-03-10,95.375
2014-03-11,98.5
2014-03-12,84.75
2014-03-13,83.25
2014-03-14,91.25
2014-03-15,89.125
2014-03-16,75.875
2014-03-17,65.375
2014-03-18,75.125
2014-03-19,92.25
2014-03-20,83.5
2014-03-21,88.375
2014-03-22,82.0
2014-03-23,57.625
2014-03-24,79.375
2014-03-25,79.5
2014-03-26,74.75
2014-03-27,83.875
2014-03-28,85.875
2014-03-29,85.375
2014-03-30,71.875
2014-03-31,71.75
2014-04-01,69.25
2014-04-02,73.5
2014-04-03,88.625
2014-04-04,83.75
2014-04-05,74.125
2014-04-06,70.5
2014-04-07,73.0
2014-04-08,87.625
2014-04-09,78.75
2014-04-10,79.875
2014-04-11,58.5
2014-04-12,79.625
2014-04-13,96.25
2014-04-14,90.125
2014-04-15,64.25
2014-04-16,73.125
2014-04-17,82.125
2014-04-18,88.625
2014-04-19,79.75
2014-04-20,76.875
2014-04-21,85.5
2014-04-22,83.375
2014-04-23,75.75
2014-04-24,75.625
2014-04-25,78.375
2014-04-26,79.625
2014-04-27,81.125
2014-04-28,87.375
2014-04-29,85.875
2014-04-30,87.75
2014-05-01,87.25
2014-05-02,90.125
2014-05-03,80.0
2014-05-04,74.5
2014-05-05,78.875
2014-05-06,79.875
2014-05-07,94.5
2014-05-08,91.875
2014-05-09,87.375
2014-05-10,76.625
2014-05-11,78.375
2014-05-12,94.0
2014-05-13,94.875
2014-05-14,86.375
2014-05-15,87.875
2014-05-16,87.875
2014-05-17,78.875
2014-05-18,70.75
2014-05-19,70.5
2014-05-20,86.875
2014-05-21,89.875
2014-05-22,88.75
2014-05-23,85.25
2014-05-24,78.75
2014-05-25,76.25
2014-05-26,87.75
2014-05-27,94.5
2014-05-28,92.0
2014-05-29,89.125
2014-05-30,84.25
2014-05-31,76.75
2014-06-01,81.25
2014-06-02,93.5
2014-06-03,81.25
2014-06-04,89.625
2014-06-05,74.25
2014-06-06,65.125
2014-06-07,72.875
2014-06-08,85.5
2014-06-09,82.875
2014-06-10,87.25
2014-06-11,97.75
2014-06-12,92.375
2014-06-13,76.25
2014-06-14,75.125
2014-06-15,85.375
2014-06-16,89.75
2014-06-17,90.25
2014-06-18,96.25
2014-06-19,97.0
2014-06-20,96.125
2014-06-21,95.75
2014-06-22,94.625
2014-06-23,95.5
2014-06-24,95.0
2014-06-25,96.75
2014-06-26,96.0
2014-06-27,91.625
2014-06-28,94.375
2014-06-29,93.875
2014-06-30,94.5
2014-07-01,88.5
2014-07-02,92.625
2014-07-03,88.0
2014-07-04,78.375
2014-07-05,82.75
2014-07-06,94.75
2014-07-07,92.375
2014-07-08,86.0
2014-07-09,88.625
2014-07-10,80.625
2014-07-11,80.0
2014-07-12,94.5
2014-07-13,88.625
2014-07-14,84.0
2014-07-15,85.875
2014-07-16,81.25
2014-07-17,77.625
2014-07-18,79.25
2014-07-19,78.0
2014-07-20,79.625
2014-07-21,82.125
2014-07-22,94.125
2014-07-23,81.5
2014-07-24,77.625
2014-07-25,79.5
2014-07-26,90.125
2014-07-27,85.125
2014-07-28,78.0
2014-07-29,80.625
2014-07-30,85.5
2014-07-31,78.5
2014-08-01,83.0
2014-08-02,79.25
2014-08-03,78.0
2014-08-04,84.625
2014-08-05,90.875
2014-08-06,82.625
2014-08-07,74.375
2014-08-08,75.0
2014-08-09,79.125
2014-08-10,85.125
2014-08-11,91.0
2014-08-12,90.375
2014-08-13,78.25
2014-08-14,72.875
2014-08-15,67.5
2014-08-16,85.625
2014-08-17,90.25
2014-08-18,88.125
2014-08-19,87.25
2014-08-20,83.625
2014-08-21,91.125
2014-08-22,91.0
2014-08-23,90.75
2014-08-24,91.5
2014-08-25,89.5
2014-08-26,93.0
2014-08-27,84.625
2014-08-28,77.375
2014-08-29,90.625
2014-08-30,87.0
2014-08-31,87.125
2014-09-01,86.0
2014-09-02,81.5
2014-09-03,76.75
2014-09-04,88.75
2014-09-05,89.875
2014-09-06,74.0
2014-09-07,72.875
2014-09-08,75.625
2014-09-09,84.0
2014-09-10,90.125
2014-09-11,77.875
2014-09-12,81.875
2014-09-13,77.375
2014-09-14,76.125
2014-09-15,85.375
2014-09-16,72.375
2014-09-17,72.25
2014-09-18,79.0
2014-09-19,77.5
2014-09-20,84.25
2014-09-21,81.5
2014-09-22,71.625
2014-09-23,76.0
2014-09-24,79.25
2014-09-25,77.125
2014-09-26,72.5
2014-09-27,77.5
2014-09-28,80.125
2014-09-29,78.5
2014-09-30,82.0
2014-10-01,81.375
2014-10-02,90.375
2014-10-03,82.0
2014-10-04,77.5
2014-10-05,70.875
2014-10-06,73.375
2014-10-07,75.125
2014-10-08,65.625
2014-10-09,60.125
2014-10-10,66.0
2014-10-11,62.875
2014-10-12,73.75
2014-10-13,93.625
2014-10-14,89.75
2014-10-15,91.625
2014-10-16,86.5
2014-10-17,83.5
2014-10-18,79.875
2014-10-19,75.125
2014-10-20,87.125
2014-10-21,79.5
2014-10-22,76.0
2014-10-23,79.875
2014-10-24,83.125
2014-10-25,74.25
2014-10-26,61.5
2014-10-27,78.875
2014-10-28,73.0
2014-10-29,69.0
2014-10-30,70.125
2014-10-31,76.125
2014-11-01,72.125
2014-11-02,62.5
2014-11-03,70.0
2014-11-04,81.5
2014-11-05,75.0
2014-11-06,81.75
2014-11-07,74.5
2014-11-08,76.25
2014-11-09,72.25
2014-11-10,83.625
2014-11-11,82.125
2014-11-12,59.625
2014-11-13,61.125
2014-11-14,65.75
2014-11-15,58.125
2014-11-16,72.25
2014-11-17,67.625
2014-11-18,75.875
2014-11-19,80.5
2014-11-20,75.0
2014-11-21,65.375
2014-11-22,91.625
2014-11-23,95.875
2014-11-24,91.5
2014-11-25,85.625
2014-11-26,80.875
2014-11-27,86.5
2014-11-28,77.25
2014-11-29,95.875
2014-11-30,92.875
2014-12-01,65.25
2014-12-02,68.5
2014-12-03,74.625
2014-12-04,72.375
2014-12-05,86.875
2014-12-06,81.5
2014-12-07,58.625
2014-12-08,84.25
2014-12-09,87.0
2014-12-10,78.625
2014-12-11,73.0
2014-12-12,80.875
2014-12-13,92.75
2014-12-14,95.0
2014-12-15,91.625
2014-12-16,88.75
2014-12-17,64.375
2014-12-18,58.625
2014-12-19,75.125
2014-12-20,74.75
2014-12-21,74.25
2014-12-22,80.125
2014-12-23,88.875
2014-12-24,93.625
2014-12-25,85.25
2014-12-26,89.5
2014-12-27,86.0
2014-12-28,63.375
2014-12-29,71.25
2014-12-30,54.0
2014-12-31,45.75
2015-01-01,57.5
2015-01-02,72.75
2015-01-03,90.75
2015-01-04,87.25
2015-01-05,82.125
2015-01-06,91.5
2015-01-07,92.0
2015-01-08,91.5
2015-01-09,89.25
2015-01-10,90.25
2015-01-11,84.5
2015-01-12,86.0
2015-01-13,85.375
2015-01-14,92.125
2015-01-15,88.25
2015-01-16,87.25
2015-01-17,92.125
2015-01-18,92.625
2015-01-19,92.375
2015-01-20,94.625
2015-01-21,86.75
2015-01-22,80.375
2015-01-23,84.375
2015-01-24,91.75
2015-01-25,89.125
2015-01-26,73.125
2015-01-27,74.25
2015-01-28,67.75
2015-01-29,80.0
2015-01-30,67.5
2015-01-31,72.75
2015-02-01,94.625
2015-02-02,86.5
2015-02-03,84.75
2015-02-04,85.625
2015-02-05,82.5
2015-02-06,80.875
2015-02-07,94.75
2015-02-08,96.5
2015-02-09,85.75
2015-02-10,84.625
2015-02-11,83.375
2015-02-12,83.25
2015-02-13,82.25
2015-02-14,80.75
2015-02-15,85.625
2015-02-16,74.125
2015-02-17,84.75
2015-02-18,85.75
2015-02-19,86.375
2015-02-20,82.0
2015-02-21,90.625
2015-02-22,85.125
2015-02-23,84.625
2015-02-24,81.25
2015-02-25,78.625
2015-02-26,84.25
2015-02-27,82.25
2015-02-28,82.125
2015-03-01,89.125
2015-03-02,84.0
2015-03-03,92.75
2015-03-04,83.125
2015-03-05,81.625
2015-03-06,87.125
2015-03-07,95.625
2015-03-08,90.125
2015-03-09,82.75
2015-03-10,77.625
2015-03-11,77.0
2015-03-12,77.625
2015-03-13,78.125
2015-03-14,78.25
2015-03-15,83.25
2015-03-16,76.125
2015-03-17,74.375
2015-03-18,79.875
2015-03-19,59.5
2015-03-20,69.25
2015-03-21,78.75
2015-03-22,60.75
2015-03-23,82.875
2015-03-24,76.0
2015-03-25,91.125
2015-03-26,81.375
2015-03-27,67.0
2015-03-28,55.375
2015-03-29,64.875
2015-03-30,72.75
2015-03-31,78.5
2015-04-01,70.375
2015-04-02,77.0
2015-04-03,67.125
2015-04-04,55.375
2015-04-05,58.625
2015-04-06,78.875
2015-04-07,91.25
2015-04-08,92.625
2015-04-09,92.375
2015-04-10,74.375
2015-04-11,69.5
2015-04-12,67.25
2015-04-13,80.125
2015-04-14,85.0
2015-04-15,77.5
2015-04-16,86.125
2015-04-17,69.625
2015-04-18,72.75
2015-04-19,78.5
2015-04-20,80.5
2015-04-21,63.75
2015-04-22,68.375
2015-04-23,65.625
2015-04-24,62.875
2015-04-25,87.375
2015-04-26,71.25
2015-04-27,80.125
2015-04-28,80.625
2015-04-29,74.625
2015-04-30,79.5
2015-05-01,70.625
2015-05-02,56.0
2015-05-03,67.75
2015-05-04,87.625
2015-05-05,88.75
2015-05-06,88.0
2015-05-07,74.375
2015-05-08,86.75
2015-05-09,92.0
2015-05-10,93.25
2015-05-11,87.625
2015-05-12,73.375
2015-05-13,77.625
2015-05-14,79.0
2015-05-15,86.75
2015-05-16,88.625
2015-05-17,93.25
2015-05-18,80.0
2015-05-19,75.0
2015-05-20,73.75
2015-05-21,67.625
2015-05-22,66.375
2015-05-23,58.25
2015-05-24,78.375
2015-05-25,83.0
2015-05-26,91.625
2015-05-27,82.5
2015-05-28,69.75
2015-05-29,80.75
2015-05-30,94.25
2015-05-31,81.75
2015-06-01,74.375
2015-06-02,75.75
2015-06-03,75.125
2015-06-04,80.375
2015-06-05,86.875
2015-06-06,83.25
2015-06-07,85.125
2015-06-08,79.0
2015-06-09,72.25
2015-06-10,77.125
2015-06-11,86.75
2015-06-12,93.375
2015-06-13,89.5
2015-06-14,91.625
2015-06-15,92.25
2015-06-16,83.0
2015-06-17,81.375
2015-06-18,86.625
2015-06-19,80.25
2015-06-20,84.25
2015-06-21,81.0
2015-06-22,87.5
2015-06-23,79.125
2015-06-24,72.75
2015-06-25,91.5
2015-06-26,90.125
2015-06-27,77.75
2015-06-28,70.75
2015-06-29,86.25
2015-06-30,85.125
2015-07-01,81.75
2015-07-02,82.75
2015-07-03,74.625
2015-07-04,74.5
2015-07-05,71.375
2015-07-06,80.75
2015-07-07,81.375
2015-07-08,79.5
2015-07-09,88.0
2015-07-10,73.125
2015-07-11,79.125
2015-07-12,87.5
2015-07-13,88.25
2015-07-14,85.5
2015-07-15,74.625
2015-07-16,85.5
2015-07-17,84.625
2015-07-18,87.625
2015-07-19,80.25
2015-07-20,74.75
2015-07-21,74.125
2015-07-22,69.0
2015-07-23,69.625
2015-07-24,70.375
2015-07-25,82.375
2015-07-26,74.375
2015-07-27,73.875
2015-07-28,75.75
2015-07-29,74.0
2015-07-30,61.125
2015-07-31,59.625
2015-08-01,62.0
2015-08-02,74.0
2015-08-03,68.125
2015-08-04,59.875
2015-08-05,66.125
2015-08-06,74.25
2015-08-07,70.875
2015-08-08,78.0
2015-08-09,86.5
2015-08-10,85.375
2015-08-11,78.125
2015-08-12,77.625
2015-08-13,70.25
2015-08-14,71.125
2015-08-15,72.625
2015-08-16,73.375
2015-08-17,78.5
2015-08-18,83.75
2015-08-19,75.875
2015-08-20,67.875
2015-08-21,60.125
2015-08-22,65.875
2015-08-23,72.75
2015-08-24,59.625
2015-08-25,68.5
2015-08-26,72.125
2015-08-27,75.125
2015-08-28,77.75
2015-08-29,84.125
2015-08-30,90.5
2015-08-31,75.625
2015-09-01,78.375
2015-09-02,75.875
2015-09-03,74.875
2015-09-04,80.75
2015-09-05,77.25
2015-09-06,67.25
2015-09-07,79.0
2015-09-08,80.25
2015-09-09,79.625
2015-09-10,74.75
2015-09-11,78.875
2015-09-12,70.125
2015-09-13,57.875
2015-09-14,58.75
2015-09-15,62.625
2015-09-16,65.375
2015-09-17,75.75
2015-09-18,77.0
2015-09-19,76.625
2015-09-20,66.375
2015-09-21,65.625
2015-09-22,61.25
2015-09-23,59.375
2015-09-24,72.625
2015-09-25,76.375
2015-09-26,72.25
2015-09-27,85.375
2015-09-28,84.25
2015-09-29,81.0
2015-09-30,64.875
2015-10-01,67.0
2015-10-02,59.25
2015-10-03,69.125
2015-10-04,86.375
2015-10-05,89.375
2015-10-06,86.25
2015-10-07,79.625
2015-10-08,72.25
2015-10-09,79.5
2015-10-10,65.375
2015-10-11,59.875
2015-10-12,58.875
2015-10-13,65.625
2015-10-14,62.0
2015-10-15,49.25
2015-10-16,54.375
2015-10-17,48.0
2015-10-18,48.25
2015-10-19,41.625
2015-10-20,46.375
2015-10-21,61.5
2015-10-22,68.0
2015-10-23,69.5
2015-10-24,78.0
2015-10-25,66.0
2015-10-26,64.0
2015-10-27,72.625
2015-10-28,84.375
2015-10-29,66.375
2015-10-30,73.75
2015-10-31,84.75
2015-11-01,71.75
2015-11-02,55.125
2015-11-03,64.375
2015-11-04,78.125
2015-11-05,83.375
2015-11-06,73.0
2015-11-07,58.875
2015-11-08,50.875
2015-11-09,59.875
2015-11-10,58.625
2015-11-11,60.25
2015-11-12,71.75
2015-11-13,60.375
2015-11-14,55.75
2015-11-15,61.25
2015-11-16,64.75
2015-11-17,80.375
2015-11-18,77.75
2015-11-19,57.625
2015-11-20,41.625
2015-11-21,85.25
2015-11-22,78.375
2015-11-23,85.375
2015-11-24,89.5
2015-11-25,80.875
2015-11-26,90.875
2015-11-27,86.375
2015-11-28,72.75
2015-11-29,60.875
2015-11-30,66.875
2015-12-01,76.75
2015-12-02,81.75
2015-12-03,90.25
2015-12-04,85.0
2015-12-05,64.375
2015-12-06,78.25
2015-12-07,85.5
2015-12-08,89.125
2015-12-09,85.0
2015-12-10,75.25
2015-12-11,66.75
2015-12-12,96.0
2015-12-13,94.125
2015-12-14,81.25
2015-12-15,80.0
2015-12-16,84.625
2015-12-17,68.125
2015-12-18,80.375
2015-12-19,84.625
2015-12-20,81.875
2015-12-21,91.75
2015-12-22,81.375
2015-12-23,92.5
2015-12-24,75.25
2015-12-25,79.75
2015-12-26,86.125
2015-12-27,82.375
2015-12-28,77.5
2015-12-29,83.875
2015-12-30,78.25
2015-12-31,81.75
2016-01-01,82.375
2016-01-02,85.125
2016-01-03,81.5
2016-01-04,79.0
2016-01-05,77.25
2016-01-06,66.25
2016-01-07,67.75
2016-01-08,94.375
2016-01-09,93.625
2016-01-10,84.375
2016-01-11,81.875
2016-01-12,86.5
2016-01-13,85.875
2016-01-14,91.0
2016-01-15,93.5
2016-01-16,76.0
2016-01-17,70.625
2016-01-18,81.375
2016-01-19,63.625
2016-01-20,77.625
2016-01-21,76.0
2016-01-22,77.25
2016-01-23,77.125
2016-01-24,88.25
2016-01-25,92.25
2016-01-26,81.0
2016-01-27,71.375
2016-01-28,84.375
2016-01-29,61.625
2016-01-30,88.5
2016-01-31,95.25
2016-02-01,84.25
2016-02-02,87.25
2016-02-03,87.375
2016-02-04,70.5
2016-02-05,65.75
2016-02-06,59.5
2016-02-07,78.875
2016-02-08,83.0
2016-02-09,77.125
2016-02-10,73.25
2016-02-11,67.125
2016-02-12,69.625
2016-02-13,66.625
2016-02-14,75.25
2016-02-15,87.375
2016-02-16,81.5
2016-02-17,81.0
2016-02-18,82.625
2016-02-19,80.25
2016-02-20,70.25
2016-02-21,87.875
2016-02-22,73.875
2016-02-23,77.5
2016-02-24,77.375
2016-02-25,76.125
2016-02-26,66.0
2016-02-27,75.25
2016-02-28,78.625
2016-03-01,88.75
2016-03-02,69.75
2016-03-03,88.25
2016-03-04,74.125
2016-03-05,86.625
2016-03-06,84.5
2016-03-07,91.375
2016-03-08,91.0
2016-03-09,93.125
2016-03-10,86.0
2016-03-11,79.5
2016-03-12,78.375
2016-03-13,90.25
2016-03-14,92.125
2016-03-15,86.375
2016-03-16,65.625
2016-03-17,59.125
2016-03-18,74.0
2016-03-19,84.25
2016-03-20,71.375
2016-03-21,67.75
2016-03-22,78.25
2016-03-23,92.875
2016-03-24,93.125
2016-03-25,77.25
2016-03-26,75.625
2016-03-27,84.25
2016-03-28,86.25
2016-03-29,74.125
2016-03-30,79.625
2016-03-31,88.375
2016-04-01,81.125
2016-04-02,64.625
2016-04-03,62.375
2016-04-04,72.25
2016-04-05,56.75
2016-04-06,87.625
2016-04-07,81.875
2016-04-08,77.875
2016-04-09,59.25
2016-04-10,80.25
2016-04-11,75.125
2016-04-12,65.5
2016-04-13,80.125
2016-04-14,85.0
2016-04-15,79.75
2016-04-16,79.625
2016-04-17,74.875
2016-04-18,80.875
2016-04-19,84.875
2016-04-20,80.75
2016-04-21,87.75
2016-04-22,86.125
2016-04-23,77.375
2016-04-24,77.5
2016-04-25,78.375
2016-04-26,88.5
2016-04-27,82.25
2016-04-28,89.375
2016-04-29,87.125
2016-04-30,92.625
2016-05-01,91.375
2016-05-02,80.5
2016-05-03,65.0
2016-05-04,80.625
2016-05-05,82.75
2016-05-06,68.125
2016-05-07,68.0
2016-05-08,58.75
2016-05-09,86.375
2016-05-10,93.25
2016-05-11,92.875
2016-05-12,88.625
2016-05-13,81.0
2016-05-14,74.625
2016-05-15,63.25
2016-05-16,71.625
2016-05-17,83.0
2016-05-18,77.0
2016-05-19,79.0
2016-05-20,82.875
2016-05-21,80.875
2016-05-22,65.25
2016-05-23,64.75
2016-05-24,74.125
2016-05-25,87.0
2016-05-26,91.125
2016-05-27,83.875
2016-05-28,82.0
2016-05-29,81.25
2016-05-30,74.625
2016-05-31,81.25
2016-06-01,84.25
2016-06-02,72.25
2016-06-03,67.75
2016-06-04,83.0
2016-06-05,81.5
2016-06-06,74.875
2016-06-07,77.5
2016-06-08,74.0
2016-06-09,75.875
2016-06-10,85.625
2016-06-11,79.875
2016-06-12,67.75
2016-06-13,77.125
2016-06-14,87.25
2016-06-15,90.75
2016-06-16,83.625
2016-06-17,74.875
2016-06-18,62.75
2016-06-19,70.5
2016-06-20,77.375
2016-06-21,70.0
2016-06-22,84.0
2016-06-23,90.375
2016-06-24,76.875
2016-06-25,77.0
2016-06-26,82.375
2016-06-27,72.5
2016-06-28,73.125
2016-06-29,64.5
2016-06-30,70.25
2016-07-01,79.625
2016-07-02,63.75
2016-07-03,73.375
2016-07-04,89.0
2016-07-05,86.875
2016-07-06,87.0
2016-07-07,89.375
2016-07-08,81.0
2016-07-09,79.875
2016-07-10,72.625
2016-07-11,85.5
2016-07-12,89.25
2016-07-13,88.0
2016-07-14,80.25
2016-07-15,82.125
2016-07-16,73.125
2016-07-17,80.0
2016-07-18,80.875
2016-07-19,82.5
2016-07-20,82.125
2016-07-21,82.0
2016-07-22,83.25
2016-07-23,80.0
2016-07-24,77.625
2016-07-25,77.0
2016-07-26,78.625
2016-07-27,78.375
2016-07-28,81.5
2016-07-29,84.25
2016-07-30,86.125
2016-07-31,84.375
2016-08-01,84.125
2016-08-02,79.0
2016-08-03,73.875
2016-08-04,76.625
2016-08-05,85.625
2016-08-06,73.75
2016-08-07,71.125
2016-08-08,71.75
2016-08-09,73.875
2016-08-10,76.875
2016-08-11,82.375
2016-08-12,89.25
2016-08-13,88.625
2016-08-14,79.125
2016-08-15,87.0
2016-08-16,84.5
2016-08-17,82.75
2016-08-18,86.375
2016-08-19,86.875
2016-08-20,86.75
2016-08-21,76.75
2016-08-22,68.5
2016-08-23,78.75
2016-08-24,88.25
2016-08-25,88.25
2016-08-26,79.375
2016-08-27,88.25
2016-08-28,89.0
2016-08-29,88.375
2016-08-30,90.125
2016-08-31,83.875
2016-09-01,76.375
2016-09-02,74.125
2016-09-03,75.375
2016-09-04,78.5
2016-09-05,80.5
2016-09-06,87.375
2016-09-07,84.125
2016-09-08,88.25
2016-09-09,88.125
2016-09-10,82.875
2016-09-11,68.625
2016-09-12,73.375
2016-09-13,79.75
2016-09-14,78.25
2016-09-15,78.625
2016-09-16,83.5
2016-09-17,82.75
2016-09-18,77.125
2016-09-19,69.125
2016-09-20,74.625
2016-09-21,80.875
2016-09-22,75.5
2016-09-23,89.875
2016-09-24,85.0
2016-09-25,79.875
2016-09-26,64.25
2016-09-27,58.125
2016-09-28,79.0
2016-09-29,84.75
2016-09-30,89.5
2016-10-01,89.5
2016-10-02,88.75
2016-10-03,87.125
2016-10-04,80.75
2016-10-05,77.875
2016-10-06,83.625
2016-10-07,73.375
2016-10-08,58.375
2016-10-09,69.625
2016-10-10,72.25
2016-10-11,69.125
2016-10-12,80.375
2016-10-13,67.125
2016-10-14,69.25
2016-10-15,86.875
2016-10-16,91.0
2016-10-17,80.875
2016-10-18,72.0
2016-10-19,68.25
2016-10-20,78.75
2016-10-21,66.25
2016-10-22,61.25
2016-10-23,73.125
2016-10-24,71.5
2016-10-25,69.375
2016-10-26,81.0
2016-10-27,80.125
2016-10-28,82.0
2016-10-29,85.0
2016-10-30,81.875
2016-10-31,79.5
2016-11-01,80.25
2016-11-02,88.5
2016-11-03,81.25
2016-11-04,73.875
2016-11-05,75.25
2016-11-06,72.75
2016-11-07,69.25
2016-11-08,73.125
2016-11-09,67.625
2016-11-10,59.5
2016-11-11,70.5
2016-11-12,64.5
2016-11-13,57.5
2016-11-14,74.125
2016-11-15,80.5
2016-11-16,82.625
2016-11-17,71.125
2016-11-18,69.375
2016-11-19,63.75
2016-11-20,61.5
2016-11-21,60.375
2016-11-22,67.125
2016-11-23,89.0
2016-11-24,78.625
2016-11-25,76.875
2016-11-26,80.0
2016-11-27,82.25
2016-11-28,85.375
2016-11-29,82.625
2016-11-30,78.375
2016-12-01,79.0
2016-12-02,73.875
2016-12-03,66.5
2016-12-04,80.5
2016-12-05,92.25
2016-12-06,86.75
2016-12-07,83.0
2016-12-08,84.25
2016-12-09,82.625
2016-12-10,84.125
2016-12-11,93.125
2016-12-12,90.125
2016-12-13,84.375
2016-12-14,86.125
2016-12-15,94.125
2016-12-16,82.125
2016-12-17,91.75
2016-12-18,95.75
2016-12-19,89.375
2016-12-20,83.625
2016-12-21,84.75
2016-12-22,90.125
2016-12-23,88.375
2016-12-24,90.75
2016-12-25,92.25
2016-12-26,84.875
2016-12-27,67.75
2016-12-28,70.0
2016-12-29,79.125
2016-12-30,69.625
2016-12-31,73.375
2017-01-01,67.75
2017-01-02,91.375
2017-01-03,92.625
2017-01-04,62.5
2017-01-05,62.125
2017-01-06,71.625
2017-01-07,66.875
2017-01-08,63.875
2017-01-09,70.0
2017-01-10,88.0
2017-01-11,81.0
2017-01-12,79.0
2017-01-13,65.375
2017-01-14,55.125
2017-01-15,62.375
2017-01-16,85.0
2017-01-17,95.125
2017-01-18,91.5
2017-01-19,90.75
2017-01-20,95.625
2017-01-21,92.875
2017-01-22,92.75
2017-01-23,92.0
2017-01-24,86.5
2017-01-25,91.0
2017-01-26,85.625
2017-01-27,79.375
2017-01-28,79.25
2017-01-29,71.75
2017-01-30,69.375
2017-01-31,85.875
2017-02-01,80.375
2017-02-02,55.25
2017-02-03,49.5
2017-02-04,37.25
2017-02-05,67.625
2017-02-06,82.375
2017-02-07,94.75
2017-02-08,73.125
2017-02-09,57.375
2017-02-10,74.375
2017-02-11,88.25
2017-02-12,79.0
2017-02-13,67.125
2017-02-14,78.375
2017-02-15,66.0
2017-02-16,62.375
2017-02-17,80.125
2017-02-18,77.0
2017-02-19,70.5
2017-02-20,81.875
2017-02-21,93.5
2017-02-22,93.5
2017-02-23,92.0
2017-02-24,94.75
2017-02-25,68.75
2017-02-26,61.75
2017-02-27,80.5
2017-02-28,96.625
2017-03-01,89.5
2017-03-02,71.625
2017-03-03,48.125
2017-03-04,76.75
2017-03-05,82.5
2017-03-06,92.5
2017-03-07,70.75
2017-03-08,57.0
2017-03-09,65.125
2017-03-10,44.25
2017-03-11,35.125
2017-03-12,40.75
2017-03-13,85.875
2017-03-14,79.375
2017-03-15,75.0
2017-03-16,70.5
2017-03-17,88.0
2017-03-18,87.125
2017-03-19,80.875
2017-03-20,93.125
2017-03-21,76.25
2017-03-22,61.0
2017-03-23,59.5
2017-03-24,83.5
2017-03-25,97.75
2017-03-26,94.5
2017-03-27,93.75
2017-03-28,91.75
2017-03-29,84.0
2017-03-30,94.75
2017-03-31,90.25
2017-04-01,70.75
2017-04-02,64.5
2017-04-03,93.375
2017-04-04,89.25
2017-04-05,91.875
2017-04-06,84.625
2017-04-07,70.625
2017-04-08,70.875
2017-04-09,84.0
2017-04-10,90.0
2017-04-11,84.5
2017-04-12,72.625
2017-04-13,84.375
2017-04-14,87.25
2017-04-15,80.375
2017-04-16,77.75
2017-04-17,64.0
2017-04-18,71.0
2017-04-19,92.0
2017-04-20,86.5
2017-04-21,76.625
2017-04-22,69.875
2017-04-23,53.875
2017-04-24,65.25
2017-04-25,85.125
2017-04-26,87.0
2017-04-27,85.125
2017-04-28,81.625
2017-04-29,86.5
2017-04-30,95.25
2017-05-01,88.125
2017-05-02,82.375
2017-05-03,73.75
2017-05-04,80.75
2017-05-05,81.875
2017-05-06,77.125
2017-05-07,67.25
2017-05-08,59.125
2017-05-09,72.375
2017-05-10,77.625
2017-05-11,83.75
2017-05-12,75.5
2017-05-13,75.375
2017-05-14,71.125
2017-05-15,76.625
2017-05-16,85.0
2017-05-17,80.25
2017-05-18,79.375
2017-05-19,86.0
2017-05-20,92.875
2017-05-21,84.375
2017-05-22,77.625
2017-05-23,92.25
2017-05-24,95.0
2017-05-25,90.5
2017-05-26,85.125
2017-05-27,84.375
2017-05-28,85.625
2017-05-29,72.625
2017-05-30,76.375
2017-05-31,73.75
2017-06-01,66.375
2017-06-02,53.125
2017-06-03,61.25
2017-06-04,77.75
2017-06-05,77.875
2017-06-06,74.75
2017-06-07,72.875
2017-06-08,63.0
2017-06-09,79.75
2017-06-10,74.375
2017-06-11,74.75
2017-06-12,76.25
2017-06-13,85.125
2017-06-14,86.25
2017-06-15,81.625
2017-06-16,77.125
2017-06-17,88.0
2017-06-18,81.75
2017-06-19,80.125
2017-06-20,80.375
2017-06-21,75.875
2017-06-22,85.25
2017-06-23,82.125
2017-06-24,75.25
2017-06-25,72.625
2017-06-26,72.375
2017-06-27,69.0
2017-06-28,73.375
2017-06-29,83.25
2017-06-30,89.0
2017-07-01,80.125
2017-07-02,78.25
2017-07-03,87.125
2017-07-04,84.875
2017-07-05,79.0
2017-07-06,78.625
2017-07-07,85.25
2017-07-08,72.625
2017-07-09,74.625
2017-07-10,91.875
2017-07-11,89.625
2017-07-12,90.125
2017-07-13,86.375
2017-07-14,83.625
2017-07-15,82.5
2017-07-16,89.375
2017-07-17,80.25
2017-07-18,73.25
2017-07-19,78.875
2017-07-20,80.75
2017-07-21,76.875
2017-07-22,74.125
2017-07-23,68.75
2017-07-24,70.75
2017-07-25,62.875
2017-07-26,72.5
2017-07-27,75.25
2017-07-28,64.875
2017-07-29,56.75
2017-07-30,57.5
2017-07-31,59.125
2017-08-01,64.25
2017-08-02,69.25
2017-08-03,72.125
2017-08-04,72.0
2017-08-05,62.25
2017-08-06,64.125
2017-08-07,63.125
2017-08-08,53.875
2017-08-09,58.0
2017-08-10,63.875
2017-08-11,71.375
2017-08-12,67.375
2017-08-13,58.75
2017-08-14,65.875
2017-08-15,73.5
2017-08-16,73.375
2017-08-17,77.375
2017-08-18,70.125
2017-08-19,63.25
2017-08-20,68.0
2017-08-21,74.125
2017-08-22,65.125
2017-08-23,56.0
2017-08-24,63.0
2017-08-25,55.625
2017-08-26,60.75
2017-08-27,64.75
2017-08-28,71.125
2017-08-29,73.0
2017-08-30,66.625
2017-08-31,70.125
2017-09-01,57.25
2017-09-02,52.75
2017-09-03,60.375
2017-09-04,57.875
2017-09-05,59.125
2017-09-06,61.875
2017-09-07,60.75
2017-09-08,60.625
2017-09-09,61.0
2017-09-10,59.5
2017-09-11,62.0
2017-09-12,65.75
2017-09-13,77.75
2017-09-14,75.75
2017-09-15,72.625
2017-09-16,69.875
2017-09-17,72.875
2017-09-18,62.375
2017-09-19,77.5
2017-09-20,76.125
2017-09-21,70.125
2017-09-22,68.5
2017-09-23,69.0
2017-09-24,62.375
2017-09-25,55.5
2017-09-26,59.125
2017-09-27,61.75
2017-09-28,53.25
2017-09-29,56.625
2017-09-30,56.875
2017-10-01,55.875
2017-10-02,61.5
2017-10-03,78.75
2017-10-04,76.875
2017-10-05,52.5
2017-10-06,76.125
2017-10-07,68.875
2017-10-08,64.625
2017-10-09,64.875
2017-10-10,79.125
2017-10-11,84.75
2017-10-12,78.5
2017-10-13,75.875
2017-10-14,84.5
2017-10-15,72.375
2017-10-16,52.25
2017-10-17,51.125
2017-10-18,51.5
2017-10-19,45.125
2017-10-20,56.5
2017-10-21,59.25
2017-10-22,76.875
2017-10-23,79.875
2017-10-24,78.875
2017-10-25,52.5
2017-10-26,60.25
2017-10-27,60.625
2017-10-28,65.625
2017-10-29,56.875
2017-10-30,58.125
2017-10-31,55.0
2017-11-01,65.375
2017-11-02,88.75
2017-11-03,72.375
2017-11-04,83.0
2017-11-05,87.875
2017-11-06,65.125
2017-11-07,61.75
2017-11-08,52.875
2017-11-09,53.125
2017-11-10,57.0
2017-11-11,52.75
2017-11-12,71.875
2017-11-13,73.75
2017-11-14,72.875
2017-11-15,77.75
2017-11-16,67.75
2017-11-17,74.75
2017-11-18,85.125
2017-11-19,60.375
2017-11-20,58.0
2017-11-21,59.625
2017-11-22,49.0
2017-11-23,51.875
2017-11-24,62.125
2017-11-25,65.75
2017-11-26,56.25
2017-11-27,65.125
2017-11-28,53.125
2017-11-29,52.375
2017-11-30,54.0
2017-12-01,55.375
2017-12-02,58.125
2017-12-03,60.5
2017-12-04,69.25
2017-12-05,51.0
2017-12-06,48.0
2017-12-07,53.125
2017-12-08,40.25
2017-12-09,71.75
2017-12-10,64.125
2017-12-11,72.875
2017-12-12,60.625
2017-12-13,59.625
2017-12-14,66.25
2017-12-15,67.125
2017-12-16,72.375
2017-12-17,84.625
2017-12-18,88.375
2017-12-19,70.125
2017-12-20,59.375
2017-12-21,65.25
2017-12-22,77.875
2017-12-23,61.25
2017-12-24,75.625
2017-12-25,76.375
2017-12-26,76.25
2017-12-27,79.0
2017-12-28,79.25
2017-12-29,86.375
2017-12-30,86.75
2017-12-31,86.5
2018-01-01,91.75
2018-01-02,83.625
2018-01-03,80.75
2018-01-04,81.25
2018-01-05,78.375
2018-01-06,76.0
2018-01-07,77.75
2018-01-08,90.75
2018-01-09,91.5
2018-01-10,95.25
2018-01-11,92.875
2018-01-12,72.875
2018-01-13,50.875
2018-01-14,57.625
2018-01-15,87.375
2018-01-16,86.125
2018-01-17,82.5
2018-01-18,75.75
2018-01-19,75.0
2018-01-20,86.75
2018-01-21,99.125
2018-01-22,94.25
2018-01-23,78.0
2018-01-24,73.875
2018-01-25,77.375
2018-01-26,67.75
2018-01-27,62.5
2018-01-28,76.625
2018-01-29,67.75
2018-01-30,55.375
2018-01-31,64.375
2018-02-01,53.0
2018-02-02,45.0
2018-02-03,46.0
2018-02-04,80.375
2018-02-05,79.5
2018-02-06,84.75
2018-02-07,88.75
2018-02-08,87.875
2018-02-09,93.5
2018-02-10,92.5
2018-02-11,92.75
2018-02-12,83.625
2018-02-13,84.5
2018-02-14,94.25
2018-02-15,99.25
2018-02-16,77.125
2018-02-17,72.875
2018-02-18,81.75
2018-02-19,94.875
2018-02-20,95.0
2018-02-21,73.375
2018-02-22,75.75
2018-02-23,87.875
2018-02-24,87.625
2018-02-25,64.875
2018-02-26,58.375
2018-02-27,57.0
2018-02-28,80.25
2018-03-01,79.5
2018-03-02,66.0
2018-03-03,59.5
2018-03-04,54.5
2018-03-05,57.75
2018-03-06,82.0
2018-03-07,67.75
2018-03-08,60.5
2018-03-09,52.875
2018-03-10,54.0
2018-03-11,63.125
2018-03-12,67.0
2018-03-13,61.375
2018-03-14,54.75
2018-03-15,69.0
2018-03-16,60.875
2018-03-17,60.125
2018-03-18,46.25
2018-03-19,64.625
2018-03-20,63.75
2018-03-21,61.875
2018-03-22,53.25
2018-03-23,66.375
2018-03-24,57.625
2018-03-25,48.75
2018-03-26,68.75
2018-03-27,86.75
2018-03-28,79.5
2018-03-29,83.625
2018-03-30,64.375
2018-03-31,67.0
2018-04-01,44.625
2018-04-02,48.5
2018-04-03,91.375
2018-04-04,67.625
2018-04-05,59.875
2018-04-06,65.25
2018-04-07,45.125
2018-04-08,49.125
2018-04-09,79.625
2018-04-10,63.5
2018-04-11,66.625
2018-04-12,72.375
2018-04-13,84.625
2018-04-14,89.375
2018-04-15,88.875
2018-04-16,76.0
2018-04-17,69.125
2018-04-18,78.125
2018-04-19,78.5
2018-04-20,55.625
2018-04-21,48.625
2018-04-22,52.875
2018-04-23,56.875
2018-04-24,84.75
2018-04-25,70.375
2018-04-26,52.875
2018-04-27,63.5
2018-04-28,62.625
2018-04-29,48.875
2018-04-30,44.0
2018-05-01,52.5
2018-05-02,67.625
2018-05-03,87.125
2018-05-04,67.75
2018-05-05,53.0
2018-05-06,57.875
2018-05-07,57.625
2018-05-08,48.875
2018-05-09,62.375
2018-05-10,76.375
2018-05-11,77.375
2018-05-12,84.375
2018-05-13,82.125
2018-05-14,85.875
2018-05-15,82.375
2018-05-16,58.125
2018-05-17,61.25
2018-05-18,75.125
2018-05-19,82.0
2018-05-20,81.75
2018-05-21,90.875
2018-05-22,84.625
2018-05-23,67.625
2018-05-24,57.25
2018-05-25,57.375
2018-05-26,67.5
2018-05-27,61.0
2018-05-28,60.0
2018-05-29,65.5
2018-05-30,79.375
2018-05-31,67.5
2018-06-01,73.75
2018-06-02,77.0
2018-06-03,67.75
2018-06-04,57.125
2018-06-05,62.625
2018-06-06,65.5
2018-06-07,70.625
2018-06-08,73.875
2018-06-09,79.25
2018-06-10,89.625
2018-06-11,88.375
2018-06-12,84.5
2018-06-13,67.875
2018-06-14,54.125
2018-06-15,60.375
2018-06-16,71.25
2018-06-17,65.75
2018-06-18,69.75
2018-06-19,83.0
2018-06-20,83.375
2018-06-21,86.375
2018-06-22,83.25
2018-06-23,72.875
2018-06-24,70.125
2018-06-25,77.5
2018-06-26,79.75
2018-06-27,79.625
2018-06-28,73.625
2018-06-29,74.75
2018-06-30,74.5
2018-07-01,72.75
2018-07-02,65.375
2018-07-03,71.75
2018-07-04,75.75
2018-07-05,72.875
2018-07-06,57.375
2018-07-07,49.5
2018-07-08,58.125
2018-07-09,63.875
2018-07-10,65.5
2018-07-11,61.0
2018-07-12,63.875
2018-07-13,65.125
2018-07-14,79.25
2018-07-15,75.75
2018-07-16,71.375
2018-07-17,60.5
2018-07-18,55.0
2018-07-19,64.0
2018-07-20,79.75
2018-07-21,82.25
2018-07-22,82.125
2018-07-23,74.875
2018-07-24,73.25
2018-07-25,61.375
2018-07-26,65.375
2018-07-27,66.875
2018-07-28,62.125
2018-07-29,66.75
2018-07-30,70.375
2018-07-31,74.25
2018-08-01,68.875
2018-08-02,72.5
2018-08-03,70.75
2018-08-04,67.75
2018-08-05,65.125
2018-08-06,80.25
2018-08-07,81.625
2018-08-08,75.875
2018-08-09,73.125
2018-08-10,76.625
2018-08-11,66.125
2018-08-12,65.125
2018-08-13,64.875
2018-08-14,65.625
2018-08-15,77.75
2018-08-16,81.375
2018-08-17,79.5
2018-08-18,78.625
2018-08-19,75.625
2018-08-20,81.75
2018-08-21,79.625
2018-08-22,59.75
2018-08-23,59.125
2018-08-24,73.0
2018-08-25,85.125
2018-08-26,80.0
2018-08-27,75.25
2018-08-28,76.875
2018-08-29,80.25
2018-08-30,70.125
2018-08-31,77.125
2018-09-01,84.625
2018-09-02,76.125
2018-09-03,79.375
2018-09-04,73.625
2018-09-05,73.875
2018-09-06,80.625
2018-09-07,79.25
2018-09-08,65.875
2018-09-09,68.25
2018-09-10,73.375
2018-09-11,73.625
2018-09-12,69.875
2018-09-13,74.75
2018-09-14,72.125
2018-09-15,72.875
2018-09-16,77.875
2018-09-17,71.375
2018-09-18,75.5
2018-09-19,81.125
2018-09-20,80.625
2018-09-21,67.75
2018-09-22,61.75
2018-09-23,72.125
2018-09-24,83.875
2018-09-25,83.0
2018-09-26,62.5
2018-09-27,54.0
2018-09-28,63.875
2018-09-29,51.875
2018-09-30,83.125
2018-10-01,85.25
2018-10-02,81.75
2018-10-03,77.625
2018-10-04,71.875
2018-10-05,85.25
2018-10-06,89.375
2018-10-07,87.5
2018-10-08,81.25
2018-10-09,75.25
2018-10-10,82.0
2018-10-11,62.625
2018-10-12,63.625
2018-10-13,58.5
2018-10-14,69.0
2018-10-15,63.625
2018-10-16,56.25
2018-10-17,55.375
2018-10-18,46.5
2018-10-19,63.5
2018-10-20,59.25
2018-10-21,48.75
2018-10-22,56.0
2018-10-23,64.25
2018-10-24,68.75
2018-10-25,62.125
2018-10-26,74.5
2018-10-27,79.0
2018-10-28,78.5
2018-10-29,73.625
2018-10-30,74.0
2018-10-31,74.375
2018-11-01,70.0
2018-11-02,70.5
2018-11-03,68.375
2018-11-04,81.75
2018-11-05,78.0
2018-11-06,77.875
2018-11-07,62.25
2018-11-08,64.375
2018-11-09,72.0
2018-11-10,63.375
2018-11-11,54.75
2018-11-12,69.625
2018-11-13,54.25
2018-11-14,55.625
2018-11-15,80.25
2018-11-16,80.375
2018-11-17,83.375
2018-11-18,80.625
2018-11-19,72.5
2018-11-20,70.625
2018-11-21,70.125
2018-11-22,71.625
2018-11-23,81.75
2018-11-24,84.75
2018-11-25,86.125
2018-11-26,84.625
2018-11-27,81.25
2018-11-28,82.25
2018-11-29,86.375
2018-11-30,93.125
2018-12-01,94.75
2018-12-02,87.875
2018-12-03,80.75
2018-12-04,77.25
2018-12-05,69.25
2018-12-06,70.75
2018-12-07,62.625
2018-12-08,63.125
2018-12-09,65.75
2018-12-10,66.25
2018-12-11,76.5
2018-12-12,77.25
2018-12-13,80.375
2018-12-14,94.75
2018-12-15,73.875
2018-12-16,72.375
2018-12-17,66.125
2018-12-18,65.875
2018-12-19,67.375
2018-12-20,93.75
2018-12-21,78.75
2018-12-22,69.875
2018-12-23,69.375
2018-12-24,56.5
2018-12-25,75.375
2018-12-26,76.0
2018-12-27,83.625
2018-12-28,78.375
2018-12-29,79.375
2018-12-30,66.5
2018-12-31,90.25
2019-01-01,84.25
2019-01-02,76.875
2019-01-03,70.625
2019-01-04,73.875
2019-01-05,80.625
2019-01-06,76.75
2019-01-07,85.75
2019-01-08,71.625
2019-01-09,51.875
2019-01-10,58.875
2019-01-11,68.625
2019-01-12,83.625
2019-01-13,81.625
2019-01-14,85.75
2019-01-15,86.625
2019-01-16,81.75
2019-01-17,88.125
2019-01-18,84.125
2019-01-19,88.875
2019-01-20,82.125
2019-01-21,79.125
2019-01-22,82.125
2019-01-23,93.625
2019-01-24,86.25
2019-01-25,89.375
2019-01-26,88.375
2019-01-27,81.875
2019-01-28,90.25
2019-01-29,80.125
2019-01-30,64.25
2019-01-31,67.375
2019-02-01,73.5
2019-02-02,91.875
2019-02-03,99.75
2019-02-04,95.875
2019-02-05,79.5
2019-02-06,94.25
2019-02-07,89.0
2019-02-08,60.875
2019-02-09,61.125
2019-02-10,69.0
2019-02-11,90.25
2019-02-12,92.375
2019-02-13,85.625
2019-02-14,86.125
2019-02-15,72.75
2019-02-16,74.5
2019-02-17,80.75
2019-02-18,82.625
2019-02-19,79.0
2019-02-20,85.5
2019-02-21,76.25
2019-02-22,77.875
2019-02-23,87.75
2019-02-24,73.375
2019-02-25,54.25
2019-02-26,70.375
2019-02-27,72.0
2019-02-28,70.125
2019-03-01,72.375
2019-03-02,75.625
2019-03-03,69.0
2019-03-04,63.5
2019-03-05,63.25
2019-03-06,59.875
2019-03-07,66.5
2019-03-08,78.125
2019-03-09,83.875
2019-03-10,75.125
2019-03-11,61.875
2019-03-12,61.25
2019-03-13,77.75
2019-03-14,79.5
2019-03-15,72.875
2019-03-16,61.625
2019-03-17,62.0
2019-03-18,64.875
2019-03-19,59.375
2019-03-20,76.875
2019-03-21,80.125
2019-03-22,73.125
2019-03-23,60.5
2019-03-24,77.375
2019-03-25,65.5
2019-03-26,46.125
2019-03-27,47.625
2019-03-28,74.125
2019-03-29,73.75
2019-03-30,75.25
2019-03-31,47.75
2019-04-01,53.375
2019-04-02,63.125
2019-04-03,57.125
2019-04-04,84.125
2019-04-05,85.375
2019-04-06,81.25
2019-04-07,80.125
2019-04-08,68.875
2019-04-09,58.25
2019-04-10,78.875
2019-04-11,77.0
2019-04-12,62.0
2019-04-13,54.25
2019-04-14,86.0
2019-04-15,76.875
2019-04-16,72.625
2019-04-17,79.375
2019-04-18,86.25
2019-04-19,70.75
2019-04-20,47.625
2019-04-21,40.375
2019-04-22,58.75
2019-04-23,74.125
2019-04-24,59.125
2019-04-25,58.375
2019-04-26,58.375
2019-04-27,77.0
2019-04-28,67.875
2019-04-29,84.875
2019-04-30,90.5
2019-05-01,88.875
2019-05-02,88.875
2019-05-03,79.5
2019-05-04,67.25
2019-05-05,54.75
2019-05-06,71.0
2019-05-07,79.125
2019-05-08,75.125
2019-05-09,83.0
2019-05-10,68.0
2019-05-11,70.0
2019-05-12,75.25
2019-05-13,70.875
2019-05-14,53.125
2019-05-15,59.75
2019-05-16,79.125
2019-05-17,78.125
2019-05-18,76.0
2019-05-19,72.875
2019-05-20,69.0
2019-05-21,77.125
2019-05-22,73.25
2019-05-23,67.0
2019-05-24,81.125
2019-05-25,81.0
2019-05-26,82.625
2019-05-27,75.0
2019-05-28,87.0
2019-05-29,84.375
2019-05-30,79.0
2019-05-31,66.125
2019-06-01,79.375
2019-06-02,65.125
2019-06-03,54.0
2019-06-04,66.5
2019-06-05,80.25
2019-06-06,79.625
2019-06-07,75.75
2019-06-08,73.25
2019-06-09,86.875
2019-06-10,66.125
2019-06-11,49.625
2019-06-12,67.5
2019-06-13,72.375
2019-06-14,62.5
2019-06-15,87.0
2019-06-16,90.25
2019-06-17,84.375
2019-06-18,83.375
2019-06-19,80.75
2019-06-20,86.875
2019-06-21,62.125
2019-06-22,78.25
2019-06-23,88.5
2019-06-24,83.5
2019-06-25,70.625
2019-06-26,72.0
2019-06-27,75.625
2019-06-28,81.125
2019-06-29,77.125
2019-06-30,74.25
2019-07-01,80.375
2019-07-02,75.75
2019-07-03,78.875
2019-07-04,78.5
2019-07-05,76.0
2019-07-06,81.625
2019-07-07,76.625
2019-07-08,66.0
2019-07-09,72.0
2019-07-10,73.5
2019-07-11,75.5
2019-07-12,65.5
2019-07-13,74.625
2019-07-14,73.0
2019-07-15,72.5
2019-07-16,82.5
2019-07-17,77.875
2019-07-18,81.75
2019-07-19,78.875
2019-07-20,75.0
2019-07-21,80.75
2019-07-22,62.25
2019-07-23,61.125
2019-07-24,56.75
2019-07-25,60.75
2019-07-26,70.0
2019-07-27,71.375
2019-07-28,74.125
2019-07-29,76.0
2019-07-30,73.75
2019-07-31,63.125
2019-08-01,63.125
2019-08-02,66.5
2019-08-03,61.625
2019-08-04,73.375
2019-08-05,73.0
2019-08-06,73.0
2019-08-07,67.625
2019-08-08,68.75
2019-08-09,60.375
2019-08-10,61.375
2019-08-11,73.0
2019-08-12,83.375
2019-08-13,81.0
2019-08-14,73.25
2019-08-15,70.75
2019-08-16,71.0
2019-08-17,79.5
2019-08-18,78.75
2019-08-19,77.375
2019-08-20,79.875
2019-08-21,75.375
2019-08-22,64.125
2019-08-23,59.875
2019-08-24,62.875
2019-08-25,67.625
2019-08-26,82.875
2019-08-27,70.125
2019-08-28,61.0
2019-08-29,68.375
2019-08-30,57.375
2019-08-31,65.5
2019-09-01,79.25
2019-09-02,76.375
2019-09-03,78.75
2019-09-04,70.25
2019-09-05,66.125
2019-09-06,77.5
2019-09-07,68.625
2019-09-08,70.75
2019-09-09,81.125
2019-09-10,75.625
2019-09-11,77.5
2019-09-12,84.875
2019-09-13,75.125
2019-09-14,67.0
2019-09-15,76.5
2019-09-16,84.5
2019-09-17,79.25
2019-09-18,74.25
2019-09-19,68.125
2019-09-20,75.25
2019-09-21,81.5
2019-09-22,83.875
2019-09-23,67.25
2019-09-24,67.5
2019-09-25,65.875
2019-09-26,50.625
2019-09-27,68.125
2019-09-28,81.0
2019-09-29,89.375
2019-09-30,79.625
2019-10-01,75.75
2019-10-02,86.5
2019-10-03,75.125
2019-10-04,69.125
2019-10-05,72.375
2019-10-06,61.375
2019-10-07,56.875
2019-10-08,58.875
2019-10-09,63.375
2019-10-10,76.375
2019-10-11,78.625
2019-10-12,53.625
2019-10-13,60.375
2019-10-14,56.125
2019-10-15,67.5
2019-10-16,67.875
2019-10-17,66.0
2019-10-18,68.875
2019-10-19,63.625
2019-10-20,80.625
2019-10-21,74.25
2019-10-22,65.5
2019-10-23,59.375
2019-10-24,68.375
2019-10-25,63.75
2019-10-26,80.625
2019-10-27,75.625
2019-10-28,77.75
2019-10-29,76.375
2019-10-30,87.75
2019-10-31,90.375
2019-11-01,77.625
2019-11-02,79.0
2019-11-03,66.375
2019-11-04,67.125
2019-11-05,54.0
2019-11-06,64.125
2019-11-07,63.125
2019-11-08,47.5
2019-11-09,57.75
2019-11-10,80.25
2019-11-11,90.75
2019-11-12,77.0
2019-11-13,70.5
2019-11-14,83.375
2019-11-15,79.875
2019-11-16,79.75
2019-11-17,83.75
2019-11-18,79.625
2019-11-19,82.0
2019-11-20,87.0
2019-11-21,81.875
2019-11-22,64.25
2019-11-23,68.0
2019-11-24,77.75
2019-11-25,81.375
2019-11-26,80.875
2019-11-27,76.625
2019-11-28,73.875
2019-11-29,85.75
2019-11-30,85.25
2019-12-01,92.0
2019-12-02,79.375
2019-12-03,73.125
2019-12-04,71.75
2019-12-05,71.25
2019-12-06,74.25
2019-12-07,58.125
2019-12-08,78.625
2019-12-09,85.75
2019-12-10,54.375
2019-12-11,55.625
2019-12-12,67.0
2019-12-13,72.875
2019-12-14,78.0
2019-12-15,62.125
2019-12-16,82.625
2019-12-17,73.875
2019-12-18,53.75
2019-12-19,64.75
2019-12-20,84.75
2019-12-21,78.75
2019-12-22,74.875
2019-12-23,76.625
2019-12-24,81.875
2019-12-25,80.875
2019-12-26,87.75
2019-12-27,74.5
2019-12-28,79.25
2019-12-29,90.25
2019-12-30,76.25
2019-12-31,79.25
2020-01-01,63.25
2020-01-02,81.5
2020-01-03,86.25
2020-01-04,70.625
2020-01-05,64.5
2020-01-06,53.0
2020-01-07,57.0
2020-01-08,45.25
2020-01-09,73.25
2020-01-10,95.125
2020-01-11,94.25
2020-01-12,88.75
2020-01-13,92.875
2020-01-14,81.125
2020-01-15,78.5
2020-01-16,62.375
2020-01-17,62.125
2020-01-18,90.5
2020-01-19,80.375
2020-01-20,91.125
2020-01-21,67.625
2020-01-22,62.5
2020-01-23,86.125
2020-01-24,97.5
2020-01-25,96.625
2020-01-26,87.625
2020-01-27,85.75
2020-01-28,83.375
2020-01-29,76.875
2020-01-30,78.25
2020-01-31,86.875
2020-02-01,91.125
2020-02-02,77.0
2020-02-03,85.25
2020-02-04,81.125
2020-02-05,70.25
2020-02-06,92.0
2020-02-07,78.875
2020-02-08,84.0
2020-02-09,89.375
2020-02-10,80.625
2020-02-11,72.875
2020-02-12,72.125
2020-02-13,91.625
2020-02-14,81.375
2020-02-15,81.75
2020-02-16,85.625
2020-02-17,87.0
2020-02-18,83.5
2020-02-19,55.0
2020-02-20,53.25
2020-02-21,42.0
2020-02-22,55.875
2020-02-23,77.125
2020-02-24,86.625
2020-02-25,95.75
2020-02-26,77.625
2020-02-27,70.625
2020-02-28,70.75
2020-03-01,83.25
2020-03-02,75.75
2020-03-03,65.75
2020-03-04,65.0
2020-03-05,60.25
2020-03-06,62.625
2020-03-07,53.375
2020-03-08,55.5
2020-03-09,82.625
2020-03-10,75.125
2020-03-11,77.0
2020-03-12,78.0
2020-03-13,45.875
2020-03-14,59.875
2020-03-15,71.5
2020-03-16,73.375
2020-03-17,68.125
2020-03-18,75.125
2020-03-19,94.75
2020-03-20,65.375
2020-03-21,59.0
2020-03-22,62.875
2020-03-23,86.375
2020-03-24,82.25
2020-03-25,76.0
2020-03-26,82.875
2020-03-27,86.375
2020-03-28,95.5
2020-03-29,69.625
2020-03-30,73.625
2020-03-31,76.5
2020-04-01,77.25
2020-04-02,67.875
2020-04-03,60.375
2020-04-04,78.5
2020-04-05,56.25
2020-04-06,70.75
2020-04-07,88.125
2020-04-08,69.875
2020-04-09,46.125
2020-04-10,52.75
2020-04-11,64.5
2020-04-12,94.375
2020-04-13,64.25
2020-04-14,41.875
2020-04-15,39.375
2020-04-16,39.75
2020-04-17,78.625
2020-04-18,65.25
2020-04-19,72.0
2020-04-20,58.375
2020-04-21,52.75
2020-04-22,62.25
2020-04-23,88.625
2020-04-24,84.375
2020-04-25,92.375
2020-04-26,71.25
2020-04-27,74.75
2020-04-28,90.125
2020-04-29,83.25
2020-04-30,75.625
2020-05-01,65.5
2020-05-02,66.0
2020-05-03,52.5
2020-05-04,71.0
2020-05-05,82.875
2020-05-06,47.625
2020-05-07,58.875
2020-05-08,54.25
2020-05-09,43.5
2020-05-10,75.25
2020-05-11,58.75
2020-05-12,50.0
2020-05-13,53.25
2020-05-14,87.25
2020-05-15,74.25
2020-05-16,81.25
2020-05-17,84.5
2020-05-18,83.5
2020-05-19,89.75
2020-05-20,75.25
2020-05-21,77.125
2020-05-22,83.25
2020-05-23,77.125
2020-05-24,72.25
2020-05-25,69.25
2020-05-26,63.75
2020-05-27,61.125
2020-05-28,77.625
2020-05-29,64.5
2020-05-30,61.75
2020-05-31,45.0
2020-06-01,57.25
2020-06-02,73.125
2020-06-03,77.25
2020-06-04,55.875
2020-06-05,61.875
2020-06-06,63.875
2020-06-07,65.0
2020-06-08,57.875
2020-06-09,67.0
2020-06-10,64.5
2020-06-11,55.875
2020-06-12,62.375
2020-06-13,56.75
2020-06-14,60.625
2020-06-15,60.75
2020-06-16,68.0
2020-06-17,62.75
2020-06-18,60.75
2020-06-19,61.125
2020-06-20,59.125
2020-06-21,59.875
2020-06-22,72.5
2020-06-23,71.75
2020-06-24,58.5
2020-06-25,61.0
2020-06-26,63.125
2020-06-27,74.375
2020-06-28,67.0
2020-06-29,72.25
2020-06-30,69.125
2020-07-01,71.375
2020-07-02,66.625
2020-07-03,60.625
2020-07-04,69.875
2020-07-05,68.75
2020-07-06,63.875
2020-07-07,65.5
2020-07-08,65.5
2020-07-09,60.875
2020-07-10,66.875
2020-07-11,61.375
2020-07-12,65.625
2020-07-13,55.75
2020-07-14,60.875
2020-07-15,65.375
2020-07-16,72.5
2020-07-17,64.625
2020-07-18,72.125
2020-07-19,68.5
2020-07-20,63.0
2020-07-21,62.5
2020-07-22,70.375
2020-07-23,69.25
2020-07-24,68.125
2020-07-25,67.875
2020-07-26,69.5
2020-07-27,70.375
2020-07-28,57.0
2020-07-29,67.75
2020-07-30,70.25
2020-07-31,63.25
2020-08-01,64.125
2020-08-02,65.125
2020-08-03,72.875
2020-08-04,58.75
2020-08-05,54.625
2020-08-06,64.75
2020-08-07,61.125
2020-08-08,63.75
2020-08-09,75.75
2020-08-10,78.75
2020-08-11,58.75
2020-08-12,53.25
2020-08-13,63.5
2020-08-14,70.125
2020-08-15,72.625
2020-08-16,60.875
2020-08-17,53.0
2020-08-18,57.0
2020-08-19,51.125
2020-08-20,57.875
2020-08-21,60.25
2020-08-22,61.375
2020-08-23,61.375
2020-08-24,66.375
2020-08-25,71.25
2020-08-26,66.125
2020-08-27,66.875
2020-08-28,67.375
2020-08-29,63.75
2020-08-30,59.875
2020-08-31,64.25
2020-09-01,79.25
2020-09-02,64.5
2020-09-03,53.5
2020-09-04,42.625
2020-09-05,54.75
2020-09-06,72.5
2020-09-07,63.5
2020-09-08,80.625
2020-09-09,87.75
2020-09-10,74.25
2020-09-11,70.25
2020-09-12,68.0
2020-09-13,78.125
2020-09-14,64.0
2020-09-15,55.5
2020-09-16,62.0
2020-09-17,61.5
2020-09-18,51.875
2020-09-19,47.0
2020-09-20,53.75
2020-09-21,50.375
2020-09-22,61.875
2020-09-23,64.25
2020-09-24,65.375
2020-09-25,58.875
2020-09-26,63.625
2020-09-27,63.5
2020-09-28,62.5
2020-09-29,61.625
2020-09-30,56.25
2020-10-01,61.75
2020-10-02,51.75
2020-10-03,51.0
2020-10-04,66.125
2020-10-05,53.625
2020-10-06,55.0
2020-10-07,54.5
2020-10-08,56.375
2020-10-09,57.125
2020-10-10,72.375
2020-10-11,77.25
2020-10-12,73.125
2020-10-13,42.75
2020-10-14,47.875
2020-10-15,45.25
2020-10-16,38.875
2020-10-17,39.5
2020-10-18,59.875
2020-10-19,62.875
2020-10-20,73.0
2020-10-21,66.875
2020-10-22,80.0
2020-10-23,78.125
2020-10-24,66.25
2020-10-25,63.25
2020-10-26,73.125
2020-10-27,63.375
2020-10-28,54.875
2020-10-29,70.125
2020-10-30,56.75
2020-10-31,59.25
2020-11-01,53.25
2020-11-02,42.125
2020-11-03,61.75
2020-11-04,69.125
2020-11-05,65.0
2020-11-06,75.75
2020-11-07,67.75
2020-11-08,72.25
2020-11-09,76.0
2020-11-10,72.75
2020-11-11,52.5
2020-11-12,48.25
2020-11-13,45.25
2020-11-14,55.25
2020-11-15,62.75
2020-11-16,51.25
2020-11-17,50.875
2020-11-18,43.125
2020-11-19,51.625
2020-11-20,65.25
2020-11-21,63.0
2020-11-22,72.875
2020-11-23,62.75
2020-11-24,75.625
2020-11-25,91.5
2020-11-26,85.25
2020-11-27,69.125
2020-11-28,51.0
2020-11-29,67.75
2020-11-30,69.75
2020-12-01,59.25
2020-12-02,44.375
2020-12-03,42.875
2020-12-04,64.5
2020-12-05,62.0
2020-12-06,63.75
2020-12-07,67.0
2020-12-08,69.125
2020-12-09,66.875
2020-12-10,71.125
2020-12-11,88.375
2020-12-12,92.375
2020-12-13,64.625
2020-12-14,56.0
2020-12-15,47.5
2020-12-16,77.375
2020-12-17,80.0
2020-12-18,70.375
2020-12-19,91.25
2020-12-20,79.625
2020-12-21,75.375
2020-12-22,73.75
2020-12-23,64.125
2020-12-24,52.25
2020-12-25,53.625
2020-12-26,56.625
2020-12-27,77.875
2020-12-28,65.0
2020-12-29,54.25
2020-12-30,88.875
2020-12-31,80.625
2021-01-01,88.375
2021-01-02,90.75
2021-01-03,94.375
2021-01-04,92.625
2021-01-05,89.0
2021-01-06,81.75
2021-01-07,76.625
2021-01-08,75.0
2021-01-09,77.875
2021-01-10,73.0
2021-01-11,79.625
2021-01-12,86.125
2021-01-13,83.625
2021-01-14,89.625
2021-01-15,89.625
2021-01-16,87.75
2021-01-17,86.75
2021-01-18,79.625
2021-01-19,74.375
2021-01-20,76.5
2021-01-21,76.25
2021-01-22,67.0
2021-01-23,59.625
2021-01-24,75.375
2021-01-25,83.125
2021-01-26,94.5
2021-01-27,89.5
2021-01-28,83.875
2021-01-29,80.75
2021-01-30,80.875
2021-01-31,97.0
2021-02-01,86.375
2021-02-02,89.875
2021-02-03,90.5
2021-02-04,89.0
2021-02-05,91.625
2021-02-06,94.375
2021-02-07,93.375
2021-02-08,93.5
2021-02-09,87.75
2021-02-10,90.125
2021-02-11,93.0
2021-02-12,93.375
2021-02-13,95.75
2021-02-14,93.625
2021-02-15,94.375
2021-02-16,92.125
2021-02-17,89.5
2021-02-18,91.125
2021-02-19,92.625
2021-02-20,91.875
2021-02-21,95.25
2021-02-22,94.625
2021-02-23,95.875
2021-02-24,94.25
2021-02-25,87.5
2021-02-26,75.25
2021-02-27,83.0
2021-02-28,78.875
2021-03-01,64.0
2021-03-02,57.125
2021-03-03,76.875
2021-03-04,79.5
2021-03-05,66.5
2021-03-06,71.625
2021-03-07,65.625
2021-03-08,75.25
2021-03-09,76.0
2021-03-10,80.0
2021-03-11,72.375
2021-03-12,51.125
2021-03-13,50.0
2021-03-14,60.5
2021-03-15,69.875
2021-03-16,92.25
2021-03-17,85.25
2021-03-18,76.375
2021-03-19,53.75
2021-03-20,49.5
2021-03-21,53.75
2021-03-22,62.875
2021-03-23,82.25
2021-03-24,76.125
2021-03-25,88.625
2021-03-26,60.625
2021-03-27,66.625
2021-03-28,75.125
2021-03-29,50.0
2021-03-30,61.625
2021-03-31,45.5
2021-04-01,44.5
2021-04-02,45.875
2021-04-03,60.875
2021-04-04,73.875
2021-04-05,79.875
2021-04-06,88.375
2021-04-07,82.0
2021-04-08,76.25
2021-04-09,82.625
2021-04-10,82.375
2021-04-11,87.0
2021-04-12,70.625
2021-04-13,64.875
2021-04-14,63.375
2021-04-15,71.0
2021-04-16,73.875
2021-04-17,78.25
2021-04-18,71.875
2021-04-19,73.25
2021-04-20,75.0
2021-04-21,61.0
2021-04-22,47.75
2021-04-23,68.25
2021-04-24,91.875
2021-04-25,57.875
2021-04-26,62.625
2021-04-27,65.375
2021-04-28,80.5
2021-04-29,92.875
2021-04-30,64.75
2021-05-01,59.625
2021-05-02,71.25
2021-05-03,85.125
2021-05-04,77.25
2021-05-05,57.5
2021-05-06,65.125
2021-05-07,59.5
2021-05-08,59.375
2021-05-09,91.25
2021-05-10,61.125
2021-05-11,57.0
2021-05-12,55.25
2021-05-13,48.0
2021-05-14,49.625
2021-05-15,73.375
2021-05-16,92.0
2021-05-17,91.75
2021-05-18,95.25
2021-05-19,86.25
2021-05-20,68.625
2021-05-21,69.875
2021-05-22,69.125
2021-05-23,68.5
2021-05-24,85.875
2021-05-25,66.125
2021-05-26,74.875
2021-05-27,64.25
2021-05-28,85.75
2021-05-29,55.75
2021-05-30,52.25
2021-05-31,57.625
2021-06-01,64.5
2021-06-02,87.125
2021-06-03,68.375
2021-06-04,61.75
2021-06-05,62.0
2021-06-06,63.625
2021-06-07,78.0
2021-06-08,75.125
2021-06-09,76.875
2021-06-10,84.25
2021-06-11,82.125
2021-06-12,69.25
2021-06-13,61.125
2021-06-14,66.375
2021-06-15,67.625
2021-06-16,57.875
2021-06-17,51.75
2021-06-18,71.125
2021-06-19,61.75
2021-06-20,74.5
2021-06-21,70.875
2021-06-22,50.0
2021-06-23,59.125
2021-06-24,66.375
2021-06-25,94.75
2021-06-26,92.25
2021-06-27,92.25
2021-06-28,90.75
2021-06-29,92.375
2021-06-30,87.875
2021-07-01,81.625
2021-07-02,64.125
2021-07-03,60.875
2021-07-04,69.875
2021-07-05,69.0
2021-07-06,79.875
2021-07-07,76.25
2021-07-08,89.625
2021-07-09,78.125
2021-07-10,79.875
2021-07-11,94.375
2021-07-12,90.125
2021-07-13,79.75
2021-07-14,79.0
2021-07-15,82.875
2021-07-16,91.125
2021-07-17,80.875
2021-07-18,78.375
2021-07-19,71.5
2021-07-20,72.25
2021-07-21,81.375
2021-07-22,76.75
2021-07-23,84.0
2021-07-24,76.875
2021-07-25,74.0
2021-07-26,65.625
2021-07-27,69.0
2021-07-28,71.75
2021-07-29,74.0
2021-07-30,63.625
2021-07-31,65.625
2021-08-01,72.625
2021-08-02,59.125
2021-08-03,59.25
2021-08-04,66.0
2021-08-05,61.875
2021-08-06,69.0
2021-08-07,68.125
2021-08-08,74.25
2021-08-09,84.875
2021-08-10,82.875
2021-08-11,76.75
2021-08-12,58.875
2021-08-13,71.625
2021-08-14,56.75
2021-08-15,60.75
2021-08-16,66.5
2021-08-17,74.75
2021-08-18,78.625
2021-08-19,71.25
2021-08-20,72.875
2021-08-21,79.625
2021-08-22,61.75
2021-08-23,68.5
2021-08-24,83.875
2021-08-25,73.875
2021-08-26,82.625
2021-08-27,77.625
2021-08-28,68.125
2021-08-29,67.0
2021-08-30,75.375
2021-08-31,64.125
2021-09-01,56.375
2021-09-02,53.625
2021-09-03,58.5
2021-09-04,73.625
2021-09-05,64.875
2021-09-06,57.75
2021-09-07,62.875
2021-09-08,46.375
2021-09-09,52.25
2021-09-10,58.125
2021-09-11,58.625
2021-09-12,55.625
2021-09-13,66.875
2021-09-14,65.5
2021-09-15,74.375
2021-09-16,64.25
2021-09-17,55.875
2021-09-18,72.375
2021-09-19,67.5
2021-09-20,82.875
2021-09-21,89.5
2021-09-22,58.125
2021-09-23,49.25
2021-09-24,48.25
2021-09-25,49.375
2021-09-26,40.75
2021-09-27,58.0
2021-09-28,70.25
2021-09-29,64.25
2021-09-30,59.375
2021-10-01,73.875
2021-10-02,78.375
2021-10-03,85.75
2021-10-04,77.125
2021-10-05,80.5
2021-10-06,85.0
2021-10-07,93.0
2021-10-08,83.5
2021-10-09,73.75
2021-10-10,60.125
2021-10-11,68.0
2021-10-12,72.5
2021-10-13,64.375
2021-10-14,74.25
2021-10-15,87.75
2021-10-16,59.875
2021-10-17,40.375
2021-10-18,44.875
2021-10-19,51.125
2021-10-20,55.375
2021-10-21,70.0
2021-10-22,53.875
2021-10-23,42.0
2021-10-24,73.5
2021-10-25,84.5
2021-10-26,69.625
2021-10-27,56.0
2021-10-28,85.625
2021-10-29,90.125
2021-10-30,79.625
2021-10-31,63.125
2021-11-01,43.875
2021-11-02,41.625
2021-11-03,44.375
2021-11-04,46.625
2021-11-05,51.25
2021-11-06,59.625
2021-11-07,65.25
2021-11-08,55.125
2021-11-09,71.5
2021-11-10,74.5
2021-11-11,68.875
2021-11-12,62.625
2021-11-13,69.0
2021-11-14,80.625
2021-11-15,67.75
2021-11-16,74.875
2021-11-17,83.25
2021-11-18,46.875
2021-11-19,46.875
2021-11-20,49.25
2021-11-21,66.25
2021-11-22,42.0
2021-11-23,33.125
2021-11-24,54.75
2021-11-25,60.75
2021-11-26,34.5
2021-11-27,65.75
2021-11-28,51.75
2021-11-29,48.875
2021-11-30,67.5
2021-12-01,63.375
2021-12-02,60.25
2021-12-03,58.25
2021-12-04,62.75
2021-12-05,76.375
2021-12-06,53.625
2021-12-07,38.125
2021-12-08,53.0
2021-12-09,71.5
2021-12-10,91.875
2021-12-11,64.875
2021-12-12,53.75
2021-12-13,56.875
2021-12-14,75.0
2021-12-15,90.75
2021-12-16,56.25
2021-12-17,46.625
2021-12-18,63.625
2021-12-19,55.125
2021-12-20,59.0
2021-12-21,54.625
2021-12-22,46.625
2021-12-23,65.875
2021-12-24,89.625
2021-12-25,92.625
2021-12-26,61.25
2021-12-27,74.25
2021-12-28,62.125
2021-12-29,60.375
2021-12-30,81.0
2021-12-31,85.125
2022-01-01,85.0
2022-01-02,87.875
2022-01-03,80.75
2022-01-04,73.75
2022-01-05,85.75
2022-01-06,88.0
2022-01-07,85.0
2022-01-08,75.25
2022-01-09,79.25
2022-01-10,72.125
2022-01-11,64.25
2022-01-12,81.0
2022-01-13,81.375
2022-01-14,68.75
2022-01-15,67.75
2022-01-16,61.0
2022-01-17,78.25
2022-01-18,76.25
2022-01-19,69.5
2022-01-20,57.75
2022-01-21,58.375
2022-01-22,61.75
2022-01-23,77.5
2022-01-24,79.75
2022-01-25,82.75
2022-01-26,85.0
2022-01-27,83.125
2022-01-28,89.75
2022-01-29,81.25
2022-01-30,85.75
2022-01-31,89.625
2022-02-01,92.375
2022-02-02,90.0
2022-02-03,77.125
2022-02-04,85.125
2022-02-05,87.625
2022-02-06,88.25
2022-02-07,85.5
2022-02-08,91.375
2022-02-09,87.125
2022-02-10,70.0
2022-02-11,87.75
2022-02-12,52.875
2022-02-13,49.25
2022-02-14,56.875
2022-02-15,63.5
2022-02-16,85.875
2022-02-17,94.5
2022-02-18,85.25
2022-02-19,77.625
2022-02-20,73.75
2022-02-21,96.625
2022-02-22,91.5
2022-02-23,64.125
2022-02-24,78.75
2022-02-25,87.125
2022-02-26,74.375
2022-02-27,70.125
2022-02-28,69.75
2022-03-01,77.75
2022-03-02,83.375
2022-03-03,60.25
2022-03-04,53.25
2022-03-05,79.375
2022-03-06,67.25
2022-03-07,91.25
2022-03-08,58.5
2022-03-09,54.375
2022-03-10,60.75
2022-03-11,57.875
2022-03-12,37.0
2022-03-13,62.125
2022-03-14,81.5
2022-03-15,89.25
2022-03-16,80.625
2022-03-17,80.25
2022-03-18,92.125
2022-03-19,91.75
2022-03-20,67.625
2022-03-21,69.0
2022-03-22,84.875
2022-03-23,94.25
2022-03-24,86.875
2022-03-25,72.75
2022-03-26,60.25
2022-03-27,46.875
2022-03-28,34.0
2022-03-29,59.375
2022-03-30,94.5
2022-03-31,77.625
2022-04-01,65.0
2022-04-02,79.75
2022-04-03,74.5
2022-04-04,81.125
2022-04-05,83.0
2022-04-06,70.0
2022-04-07,68.0
2022-04-08,88.875
2022-04-09,74.375
2022-04-10,66.0
2022-04-11,63.375
2022-04-12,62.875
2022-04-13,86.75
2022-04-14,48.25
2022-04-15,57.375
2022-04-16,45.0
2022-04-17,54.75
2022-04-18,67.125
2022-04-19,62.875
2022-04-20,76.0
2022-04-21,65.625
2022-04-22,88.375
2022-04-23,74.125
2022-04-24,74.625
2022-04-25,55.625
2022-04-26,49.625
2022-04-27,56.5
2022-04-28,72.5
2022-04-29,81.375
2022-04-30,72.625
2022-05-01,79.875
2022-05-02,72.0
2022-05-03,92.125
2022-05-04,84.0
2022-05-05,89.875
2022-05-06,90.0
2022-05-07,67.75
2022-05-08,66.25
2022-05-09,68.25
2022-05-10,76.375
2022-05-11,78.875
2022-05-12,66.25
2022-05-13,59.875
2022-05-14,78.25
2022-05-15,76.5
2022-05-16,66.5
2022-05-17,61.5
2022-05-18,86.0
2022-05-19,67.625
2022-05-20,78.75
2022-05-21,89.875
2022-05-22,73.125
2022-05-23,62.0
2022-05-24,67.25
2022-05-25,80.375
2022-05-26,95.125
2022-05-27,78.375
2022-05-28,68.25
2022-05-29,70.5
2022-05-30,61.375
2022-05-31,68.375
2022-06-01,67.875
2022-06-02,57.125
2022-06-03,54.625
2022-06-04,69.0
2022-06-05,78.625
2022-06-06,88.625
2022-06-07,69.75
2022-06-08,80.375
2022-06-09,73.5
2022-06-10,85.875
2022-06-11,78.5
2022-06-12,89.125
2022-06-13,91.125
2022-06-14,73.0
2022-06-15,61.625
2022-06-16,55.0
2022-06-17,63.0
2022-06-18,53.875
2022-06-19,54.125
2022-06-20,55.5
2022-06-21,60.25
2022-06-22,66.625
2022-06-23,61.125
2022-06-24,54.125
2022-06-25,66.625
2022-06-26,65.0
2022-06-27,54.5
2022-06-28,56.75
2022-06-29,69.5
2022-06-30,62.5
2022-07-01,78.25
2022-07-02,69.75
2022-07-03,61.5
2022-07-04,76.75
2022-07-05,81.25
2022-07-06,87.25
2022-07-07,92.875
2022-07-08,90.125
2022-07-09,69.25
2022-07-10,59.25
2022-07-11,64.25
2022-07-12,75.125
2022-07-13,70.5
2022-07-14,59.5
2022-07-15,84.875
2022-07-16,79.375
2022-07-17,91.75
2022-07-18,70.5
2022-07-19,67.0
2022-07-20,65.125
2022-07-21,57.375
2022-07-22,53.875
2022-07-23,76.75
2022-07-24,72.375
2022-07-25,58.875
2022-07-26,63.0
2022-07-27,79.0
2022-07-28,60.75
2022-07-29,57.5
2022-07-30,59.75
2022-07-31,60.625
2022-08-01,72.625
2022-08-02,74.5
2022-08-03,73.25
2022-08-04,80.875
2022-08-05,71.875
2022-08-06,74.5
2022-08-07,68.25
2022-08-08,79.375
2022-08-09,65.125
2022-08-10,66.25
2022-08-11,59.75
2022-08-12,58.0
2022-08-13,53.5
2022-08-14,73.625
2022-08-15,75.0
2022-08-16,69.125
2022-08-17,67.625
2022-08-18,65.5
2022-08-19,60.0
2022-08-20,63.25
2022-08-21,83.75
2022-08-22,71.0
2022-08-23,63.125
2022-08-24,57.25
2022-08-25,67.5
2022-08-26,80.625
2022-08-27,68.0
2022-08-28,83.0
2022-08-29,79.75
2022-08-30,79.75
2022-08-31,54.5
2022-09-01,67.625
2022-09-02,50.0
2022-09-03,65.125
2022-09-04,78.5
2022-09-05,78.125
2022-09-06,82.25
2022-09-07,71.5
2022-09-08,59.875
2022-09-09,52.5
2022-09-10,63.25
2022-09-11,87.875
2022-09-12,78.375
2022-09-13,71.625
2022-09-14,70.125
2022-09-15,55.25
2022-09-16,54.5
2022-09-17,54.625
2022-09-18,69.75
2022-09-19,86.375
2022-09-20,60.25
2022-09-21,53.625
2022-09-22,52.5
2022-09-23,51.5
2022-09-24,50.25
2022-09-25,57.0
2022-09-26,46.625
2022-09-27,52.5
2022-09-28,57.5
2022-09-29,60.0
2022-09-30,55.0
2022-10-01,58.25
2022-10-02,69.375
2022-10-03,50.5
2022-10-04,42.25
2022-10-05,31.75
2022-10-06,47.125
2022-10-07,60.25
2022-10-08,39.0
2022-10-09,37.5
2022-10-10,53.875
2022-10-11,59.875
2022-10-12,70.875
2022-10-13,38.5
2022-10-14,26.625
2022-10-15,40.875
2022-10-16,49.0
2022-10-17,51.875
2022-10-18,55.0
2022-10-19,50.625
2022-10-20,30.5
2022-10-21,39.75
2022-10-22,47.75
2022-10-23,55.25
2022-10-24,53.25
2022-10-25,77.75
2022-10-26,69.5
2022-10-27,57.125
2022-10-28,53.375
2022-10-29,50.875
2022-10-30,63.375
2022-10-31,91.125
2022-11-01,66.375
2022-11-02,59.375
2022-11-03,60.75
2022-11-04,59.875
2022-11-05,63.0
2022-11-06,51.125
2022-11-07,35.375
2022-11-08,55.25
2022-11-09,47.0
2022-11-10,63.5
2022-11-11,53.125
2022-11-12,57.5
2022-11-13,50.875
2022-11-14,38.625
2022-11-15,75.75
2022-11-16,95.125
2022-11-17,75.5
2022-11-18,70.375
2022-11-19,65.625
2022-11-20,53.0
2022-11-21,54.625
2022-11-22,61.875
2022-11-23,76.375
2022-11-24,69.25
2022-11-25,84.875
2022-11-26,46.875
2022-11-27,87.25
2022-11-28,64.125
2022-11-29,80.5
2022-11-30,64.125
2022-12-01,46.75
2022-12-02,51.125
2022-12-03,50.0
2022-12-04,37.125
2022-12-05,54.625
2022-12-06,71.875
2022-12-07,83.25
2022-12-08,91.75
2022-12-09,90.75
2022-12-10,88.625
2022-12-11,78.0
2022-12-12,69.625
2022-12-13,68.875
2022-12-14,86.875
2022-12-15,75.625
2022-12-16,79.375
2022-12-17,76.625
2022-12-18,73.0
2022-12-19,56.375
2022-12-20,70.5
2022-12-21,66.5
2022-12-22,86.375
2022-12-23,94.0
2022-12-24,91.375
2022-12-25,84.0
2022-12-26,87.625
2022-12-27,87.625
2022-12-28,78.875
2022-12-29,92.0
2022-12-30,95.375
2022-12-31,93.75
2023-01-01,84.125
2023-01-02,98.125
2023-01-03,80.125
2023-01-04,70.0
2023-01-05,87.125
2023-01-06,77.375
2023-01-07,67.0
2023-01-08,72.5
2023-01-09,81.75
2023-01-10,76.125
2023-01-11,84.625
2023-01-12,87.375
2023-01-13,71.25
2023-01-14,56.375
2023-01-15,53.75
2023-01-16,82.75
2023-01-17,87.5
2023-01-18,78.625
2023-01-19,92.0
2023-01-20,67.375
2023-01-21,56.875
2023-01-22,80.5
2023-01-23,65.625
2023-01-24,72.0
2023-01-25,92.0
2023-01-26,84.5
2023-01-27,87.375
2023-01-28,79.25
2023-01-29,90.5
2023-01-30,83.125
2023-01-31,83.75
2023-02-01,80.75
2023-02-02,77.5
2023-02-03,72.375
2023-02-04,66.75
2023-02-05,84.0
2023-02-06,75.25
2023-02-07,74.125
2023-02-08,74.0
2023-02-09,90.875
2023-02-10,71.875
2023-02-11,59.375
2023-02-12,52.0
2023-02-13,58.75
2023-02-14,74.5
2023-02-15,71.375
2023-02-16,81.875
2023-02-17,62.125
2023-02-18,75.25
2023-02-19,78.125
2023-02-20,91.75
2023-02-21,56.75
2023-02-22,81.5
2023-02-23,90.5
2023-02-24,75.375
2023-02-25,77.125
2023-02-26,71.125
2023-02-27,81.25
2023-02-28,58.75
2023-03-01,67.875
2023-03-02,74.75
2023-03-03,89.125
2023-03-04,72.875
2023-03-05,82.875
2023-03-06,76.25
2023-03-07,76.25
2023-03-08,73.875
2023-03-09,69.125
2023-03-10,94.5
2023-03-11,77.375
2023-03-12,93.25
2023-03-13,74.875
2023-03-14,59.75
2023-03-15,52.375
2023-03-16,80.875
2023-03-17,72.875
2023-03-18,46.875
2023-03-19,48.0
2023-03-20,39.375
2023-03-21,57.25
2023-03-22,89.75
2023-03-23,94.625
2023-03-24,82.25
2023-03-25,92.875
2023-03-26,78.0
2023-03-27,86.5
2023-03-28,63.0
2023-03-29,69.625
2023-03-30,49.625
2023-03-31,79.0
2023-04-01,66.125
2023-04-02,57.125
2023-04-03,69.75
2023-04-04,96.125
2023-04-05,61.875
2023-04-06,40.875
2023-04-07,60.875
2023-04-08,63.375
2023-04-09,54.875
2023-04-10,55.375
2023-04-11,62.25
2023-04-12,61.0
2023-04-13,53.75
2023-04-14,58.5
2023-04-15,80.0
2023-04-16,81.375
2023-04-17,83.375
2023-04-18,58.375
2023-04-19,76.5
2023-04-20,80.375
2023-04-21,54.875
2023-04-22,54.625
2023-04-23,57.375
2023-04-24,52.25
2023-04-25,70.75
2023-04-26,68.25
2023-04-27,59.25
2023-04-28,68.125
2023-04-29,72.5
2023-04-30,77.375
2023-05-01,76.125
2023-05-02,72.75
2023-05-03,69.75
2023-05-04,67.75
2023-05-05,67.0
2023-05-06,73.0
2023-05-07,85.0
2023-05-08,92.875
2023-05-09,76.0
2023-05-10,63.625
2023-05-11,60.25
2023-05-12,90.75
2023-05-13,94.0
2023-05-14,82.375
2023-05-15,58.875
2023-05-16,52.625
2023-05-17,70.75
2023-05-18,56.125
2023-05-19,74.375
2023-05-20,64.25
2023-05-21,62.375
2023-05-22,56.875
2023-05-23,55.625
2023-05-24,71.375
2023-05-25,52.75
2023-05-26,61.0
2023-05-27,64.25
2023-05-28,64.125
2023-05-29,64.625
2023-05-30,68.0
2023-05-31,77.0
2023-06-01,77.625
2023-06-02,57.875
2023-06-03,66.25
2023-06-04,64.375
2023-06-05,53.375
2023-06-06,59.375
2023-06-07,53.875
2023-06-08,57.875
2023-06-09,53.375
2023-06-10,50.0
2023-06-11,78.875
2023-06-12,54.625
2023-06-13,86.875
2023-06-14,79.0
2023-06-15,78.0
2023-06-16,74.5
2023-06-17,53.0
2023-06-18,59.375
2023-06-19,66.75
2023-06-20,70.0
2023-06-21,73.5
2023-06-22,71.25
2023-06-23,62.375
2023-06-24,58.5
2023-06-25,72.25
2023-06-26,79.5
2023-06-27,68.125
2023-06-28,56.25
2023-06-29,73.75
2023-06-30,90.5
2023-07-01,87.875
2023-07-02,90.375
2023-07-03,70.25
2023-07-04,62.125
2023-07-05,68.375
2023-07-06,83.5
2023-07-07,68.0
2023-07-08,80.25
2023-07-09,70.625
2023-07-10,57.5
2023-07-11,67.625
2023-07-12,92.125
2023-07-13,78.625
2023-07-14,78.625
2023-07-15,74.125
2023-07-16,65.125
2023-07-17,68.5
2023-07-18,59.75
2023-07-19,58.25
2023-07-20,69.0
2023-07-21,70.375
2023-07-22,54.875
2023-07-23,63.375
2023-07-24,63.25
2023-07-25,62.75
2023-07-26,63.125
2023-07-27,70.5
2023-07-28,62.5
2023-07-29,81.375
2023-07-30,63.125
2023-07-31,65.375
2023-08-01,53.5
2023-08-02,55.5
2023-08-03,70.875
2023-08-04,67.625
2023-08-05,74.125
2023-08-06,76.75
2023-08-07,88.875
2023-08-08,68.0
2023-08-09,78.25
2023-08-10,75.375
2023-08-11,70.625
2023-08-12,64.0
2023-08-13,63.625
2023-08-14,77.625
2023-08-15,76.5
2023-08-16,59.25
2023-08-17,60.125
2023-08-18,52.375
2023-08-19,52.125
2023-08-20,59.25
2023-08-21,70.125
2023-08-22,73.375
2023-08-23,63.125
2023-08-24,50.0
2023-08-25,78.75
2023-08-26,77.625
2023-08-27,65.5
2023-08-28,50.875
2023-08-29,54.125
2023-08-30,61.5
2023-08-31,49.875
2023-09-01,51.75
2023-09-02,37.25
2023-09-03,32.75
2023-09-04,50.875
2023-09-05,55.25
2023-09-06,63.25
2023-09-07,74.5
2023-09-08,72.5
2023-09-09,57.0
2023-09-10,52.375
2023-09-11,82.0
2023-09-12,71.75
2023-09-13,65.25
2023-09-14,61.125
2023-09-15,52.375
2023-09-16,46.375
2023-09-17,72.25
2023-09-18,65.375
2023-09-19,89.5
2023-09-20,48.875
2023-09-21,55.0
2023-09-22,64.25
2023-09-23,53.625
2023-09-24,55.0
2023-09-25,69.0
2023-09-26,74.375
2023-09-27,83.875
2023-09-28,83.625
2023-09-29,72.625
2023-09-30,63.375
2023-10-01,61.875
2023-10-02,56.0
2023-10-03,50.0
2023-10-04,46.75
2023-10-05,86.875
2023-10-06,51.875
2023-10-07,54.0
2023-10-08,52.75
2023-10-09,48.5
2023-10-10,38.25
2023-10-11,61.125
2023-10-12,89.5
2023-10-13,81.0
2023-10-14,85.375
2023-10-15,68.625
2023-10-16,69.625
2023-10-17,61.125
2023-10-18,52.375
2023-10-19,76.125
2023-10-20,72.125
2023-10-21,61.5
2023-10-22,62.375
2023-10-23,57.0
2023-10-24,53.625
2023-10-25,73.75
2023-10-26,75.25
2023-10-27,85.375
2023-10-28,59.125
2023-10-29,70.125
2023-10-30,40.5
2023-10-31,55.375
2023-11-01,59.75
2023-11-02,46.0
2023-11-03,52.0
2023-11-04,71.25
2023-11-05,68.875
2023-11-06,65.625
2023-11-07,66.5
2023-11-08,79.125
2023-11-09,54.375
2023-11-10,46.0
2023-11-11,57.75
2023-11-12,45.375
2023-11-13,47.125
2023-11-14,46.375
2023-11-15,43.5
2023-11-16,59.875
2023-11-17,66.875
2023-11-18,34.75
2023-11-19,56.75
2023-11-20,63.75
2023-11-21,89.5
2023-11-22,63.625
2023-11-23,55.5
2023-11-24,51.75
2023-11-25,49.0
2023-11-26,69.375
2023-11-27,69.125
2023-11-28,55.625
2023-11-29,74.625
2023-11-30,80.875
2023-12-01,96.375
2023-12-02,86.125
2023-12-03,90.625
2023-12-04,87.75
2023-12-05,85.25
2023-12-06,65.875
2023-12-07,63.25
2023-12-08,75.125
2023-12-09,72.625
2023-12-10,65.0
2023-12-11,54.125
2023-12-12,51.25
2023-12-13,28.75
2023-12-14,55.75
2023-12-15,60.5
2023-12-16,72.25
2023-12-17,87.125
2023-12-18,56.875
2023-12-19,42.375
2023-12-20,46.875
2023-12-21,60.75
2023-12-22,81.5
2023-12-23,96.625
2023-12-24,92.125
2023-12-25,90.0
2023-12-26,69.375
2023-12-27,65.75
2023-12-28,92.0
2023-12-29,90.375
2023-12-30,63.625
2023-12-31,78.625
